group,metric,count,mean,std,min,max
field__15dogs,cap-avg,20,0.1118,0.034958292610226586,0.07366666666666666,0.2206666666666667
field__15dogs,cap-max,20,0.30666666666666664,0.07788880963698615,0.20000000000000004,0.4666666666666666
field__15dogs,cap-min,20,0.0,0.0,0.0,0.0
field__15dogs,cap-std,20,0.06384393802253543,0.012708982824810177,0.0481606109226663,0.09806800361653811
field__15dogs,dog-avg,20,0.4752443980964839,0.12643827819324382,0.2418205507798473,0.6555882075515297
field__15dogs,dog-max,20,0.712764741486555,0.035777144108454624,0.639066944328326,0.8031960109111799
field__15dogs,dog-min,20,0.3823550340777446,0.1307993436815539,0.14273378457007838,0.5685853424785691
field__15dogs,dog-std,20,0.05204014926657016,0.021665064150186545,0.029596732377409993,0.1043831792014009
field__15dogs,fit-avg,20,0.07826,0.024470804827158608,0.05156666666666666,0.15446666666666664
field__15dogs,fit-max,20,0.21466666666666664,0.0545221667458903,0.13999999999999999,0.3266666666666666
field__15dogs,fit-min,20,0.0,0.0,0.0,0.0
field__15dogs,fit-std,20,0.044690756615774804,0.008896287977367124,0.033712427645866405,0.06864760253157667
field__15dogs,gen,20,100.0,0.0,100.0,100.0
field__15dogs,mrph-avg,20,0.5805415954049383,0.09602986961717944,0.3478141244925665,0.7136295886813252
field__15dogs,mrph-max,20,0.816639285809865,0.09826092327185991,0.6235707106642269,0.9661847309148633
field__15dogs,mrph-min,20,0.25286672715482417,0.09505702010340156,0.07777777777777778,0.46398572570053603
field__15dogs,mrph-std,20,0.11530668166667536,0.018296803862878755,0.08518176702663692,0.15563775501438773
field__15dogs,pen-avg,20,0.24250393361261213,0.11405533018216665,0.09292495720014467,0.4959519622716864
field__15dogs,pen-max,20,0.5129935128133745,0.04160632963957544,0.41004505597166113,0.5771619936170965
field__15dogs,pen-min,20,0.1757182927528691,0.10778829892683738,0.0366300608180767,0.42635524193741836
field__15dogs,pen-std,20,0.04946592542768732,0.016355715320467624,0.03304618884722597,0.08250393061993805
field__15dogs,shp-avg,20,0.39509517813898076,0.026562091526189546,0.35415801006144787,0.44368271506014517
field__15dogs,shp-max,20,0.46965094396162865,0.02207287370291616,0.43340339302569486,0.509238762243927
field__15dogs,shp-min,20,0.33066875867063966,0.016642364315501767,0.29592144299291645,0.3637700706227068
field__15dogs,shp-std,20,0.02611699721422871,0.0018683820378176356,0.02295716170262913,0.02950488568008797
field__20dogs,cap-avg,20,0.07447777777777777,0.023347009219730323,0.05444444444444443,0.1542222222222222
field__20dogs,cap-max,20,0.20777777777777778,0.04403982485023648,0.13333333333333333,0.3111111111111111
field__20dogs,cap-min,20,0.0011111111111111111,0.004843221048378526,0.0,0.022222222222222223
field__20dogs,cap-std,20,0.04432583049711141,0.008388028513678673,0.032810717911629775,0.07033043701250812
field__20dogs,dog-avg,20,0.4857031850835823,0.14743169361580305,0.2667595926718878,0.7420933986337923
field__20dogs,dog-max,20,0.7652857250471394,0.06921421198966704,0.535648520564214,0.8541870876899971
field__20dogs,dog-min,20,0.37752368155930816,0.15514836009152144,0.15023235546791594,0.6673823975790176
field__20dogs,dog-std,20,0.062452204064708985,0.018606984503692622,0.035493580419253316,0.11047792858480195
field__20dogs,fit-avg,20,0.05213444444444444,0.016342906453811226,0.0381111111111111,0.10795555555555555
field__20dogs,fit-max,20,0.14544444444444443,0.03082787739516553,0.09333333333333332,0.21777777777777776
field__20dogs,fit-min,20,0.0007777777777777776,0.003390254733864968,0.0,0.015555555555555553
field__20dogs,fit-std,20,0.031028081347977982,0.00587161995957507,0.02296750253814084,0.04923130590875568
field__20dogs,gen,20,100.0,0.0,100.0,100.0
field__20dogs,mrph-avg,20,0.5894654749591567,0.060413425856262526,0.44562017887972566,0.6749187950033069
field__20dogs,mrph-max,20,0.817730620978993,0.05978234657865149,0.6992724848515346,0.9229417060254054
field__20dogs,mrph-min,20,0.28639166750694256,0.06494376567873297,0.16850439817308116,0.3891815344370276
field__20dogs,mrph-std,20,0.1090542604702753,0.013880488186872594,0.08318669016560999,0.1491779168686724
field__20dogs,pen-avg,20,0.23445106925223358,0.11651859175229949,0.08887798706836982,0.4426227405575365
field__20dogs,pen-max,20,0.48440752732244546,0.07763852433627172,0.26331286088555783,0.5800426427415107
field__20dogs,pen-min,20,0.1647659914763685,0.11261410740929634,0.03529535925686661,0.3693074868179464
field__20dogs,pen-std,20,0.046971425081445486,0.015438032130421449,0.02664571043144202,0.08101473912285317
field__20dogs,shp-avg,20,0.3638226910127519,0.04050574996857751,0.25873802927998046,0.4119447761140958
field__20dogs,shp-max,20,0.4294333093965929,0.03940847176131469,0.33252549156847355,0.4840623888822604
field__20dogs,shp-min,20,0.29711022656797126,0.03612731431172978,0.2202355707547685,0.3646125129955868
field__20dogs,shp-std,20,0.02390273377001704,0.0025031137757267367,0.020542963957993866,0.02881177731845614
ice__15dogs,cap-avg,20,0.06711111111111111,0.01458428039252884,0.045111111111111095,0.10555555555555554
ice__15dogs,cap-max,20,0.19777777777777777,0.03906310184721544,0.13333333333333333,0.2888888888888889
ice__15dogs,cap-min,20,0.0,0.0,0.0,0.0
ice__15dogs,cap-std,20,0.04217662938385708,0.006193272573913434,0.030218136978793643,0.0583201043200476
ice__15dogs,dog-avg,20,0.5163928730147558,0.1398589847745124,0.2547172376437937,0.7482550110503966
ice__15dogs,dog-max,20,0.7630722448429473,0.04857972688443636,0.642812087852385,0.8368512850990396
ice__15dogs,dog-min,20,0.3992625248224608,0.14897632492589596,0.15125191087526788,0.6645703608359909
ice__15dogs,dog-std,20,0.06447340025610615,0.025325451783419214,0.032382385385988054,0.11557643764520743
ice__15dogs,fit-avg,20,0.04697777777777777,0.010208996274770187,0.03157777777777778,0.07388888888888887
ice__15dogs,fit-max,20,0.13844444444444443,0.027344171293050803,0.09333333333333332,0.20222222222222222
ice__15dogs,fit-min,20,0.0,0.0,0.0,0.0
ice__15dogs,fit-std,20,0.029523640568699952,0.0043352908017394035,0.02115269588515555,0.04082407302403331
ice__15dogs,gen,20,100.0,0.0,100.0,100.0
ice__15dogs,mrph-avg,20,0.6055953347343834,0.0898989834091558,0.3920668660674139,0.7364357110417511
ice__15dogs,mrph-max,20,0.8361583742404841,0.07925431422114501,0.6946413321999184,0.9740740740740742
ice__15dogs,mrph-min,20,0.3166419759232044,0.08918521955891065,0.1471230174632456,0.47979557217724683
ice__15dogs,mrph-std,20,0.11015435643021564,0.018086789756981102,0.07926840928643755,0.14468035800140494
ice__15dogs,pen-avg,20,0.2611906418533319,0.12550793145497535,0.08764875589986362,0.5102729911158063
ice__15dogs,pen-max,20,0.49315968801349436,0.07680516735453223,0.2757724207190307,0.5866324441735989
ice__15dogs,pen-min,20,0.189860535001138,0.11295101895604392,0.04459013078305568,0.4316971432585595
ice__15dogs,pen-std,20,0.05012460883442982,0.021340440632508017,0.02256151396379482,0.09480941755787199
ice__15dogs,shp-avg,20,0.3567961356563229,0.0349173252416108,0.27936047771771744,0.4108256187523912
ice__15dogs,shp-max,20,0.4246107131707617,0.02685113617480496,0.37563755280958167,0.4672066883683698
ice__15dogs,shp-min,20,0.2860593509093462,0.024516979158139444,0.22546239428924864,0.33599176514248336
ice__15dogs,shp-std,20,0.0250160813522128,0.002988992476060715,0.019635823806295687,0.0303002193949827
ice__20dogs,cap-avg,20,0.09903333333333332,0.029116795458597047,0.07966666666666665,0.20166666666666663
ice__20dogs,cap-max,20,0.2733333333333333,0.06463573143221771,0.20000000000000004,0.4666666666666666
ice__20dogs,cap-min,20,0.0,0.0,0.0,0.0
ice__20dogs,cap-std,20,0.059903591235477914,0.012362747868922639,0.04814792022738077,0.1038562040087693
ice__20dogs,dog-avg,20,0.44187231368632385,0.11106637789530562,0.2612808357265733,0.6469348664773943
ice__20dogs,dog-max,20,0.6802922674219835,0.06635419755977966,0.47289440191623094,0.763111528373675
ice__20dogs,dog-min,20,0.34801938068556887,0.1223588037414094,0.1587905529495308,0.582370526453637
ice__20dogs,dog-std,20,0.05267153311503384,0.019379203260448417,0.027374089015205803,0.09077896772405397
ice__20dogs,fit-avg,20,0.06932333333333333,0.020381756821017935,0.05576666666666666,0.14116666666666666
ice__20dogs,fit-max,20,0.1913333333333333,0.045245012002552404,0.13999999999999999,0.32666666666666666
ice__20dogs,fit-min,20,0.0,0.0,0.0,0.0
ice__20dogs,fit-std,20,0.041932513864834535,0.008653923508245849,0.033703544159166536,0.07269934280613852
ice__20dogs,gen,20,100.0,0.0,100.0,100.0
ice__20dogs,mrph-avg,20,0.5971747556290196,0.10364513035776209,0.39143340650188085,0.7413098490142445
ice__20dogs,mrph-max,20,0.8298426052665002,0.10107101941190842,0.6039345753529657,0.9486511818154301
ice__20dogs,mrph-min,20,0.2938571913925558,0.10923385674662738,0.09444444444444444,0.5000617537361317
ice__20dogs,mrph-std,20,0.11205706411629002,0.013330923904142653,0.08244811944570794,0.14127239766955868
ice__20dogs,pen-avg,20,0.20708458631715362,0.09352979491119097,0.08964749390675107,0.42033604095828964
ice__20dogs,pen-max,20,0.4700792876322287,0.09528901732471128,0.16939329293138336,0.5663993270694471
ice__20dogs,pen-min,20,0.1461407065631713,0.091817213407163,0.04274577857417337,0.35409371141902873
ice__20dogs,pen-std,20,0.04574698967577776,0.015297336875924262,0.020050695967591882,0.07560745883307925
ice__20dogs,shp-avg,20,0.4012446094301209,0.03028670191823266,0.32964838635398275,0.44112719418023033
ice__20dogs,shp-max,20,0.46871675127069823,0.03371277107280555,0.3821099807083801,0.5251884927096692
ice__20dogs,shp-min,20,0.32829126892247457,0.022606216144902793,0.2821579404300334,0.36998087983063277
ice__20dogs,shp-std,20,0.02499256106960835,0.001976849035406583,0.02003277905966512,0.028462743320573598
ice_mud_high__15dogs,cap-avg,20,0.06058888888888888,0.012229952101094335,0.04844444444444443,0.10355555555555554
ice_mud_high__15dogs,cap-max,20,0.19444444444444445,0.04324777879117458,0.11111111111111112,0.3333333333333333
ice_mud_high__15dogs,cap-min,20,0.0,0.0,0.0,0.0
ice_mud_high__15dogs,cap-std,20,0.04123918696352575,0.005835487586953773,0.03169219244117382,0.06128017019606962
ice_mud_high__15dogs,dog-avg,20,0.4945365504601199,0.1539640917166236,0.2725156881791673,0.735155077586501
ice_mud_high__15dogs,dog-max,20,0.786894438200725,0.04410074390210275,0.6289829826318891,0.828428457997334
ice_mud_high__15dogs,dog-min,20,0.3769514853513269,0.15489031447722557,0.14987072608820842,0.65677043260527
ice_mud_high__15dogs,dog-std,20,0.0702900577811284,0.02170699964342193,0.03525921021011564,0.11579935257558985
ice_mud_high__15dogs,fit-avg,20,0.04241222222222222,0.008560966470766032,0.03391111111111111,0.07248888888888888
ice_mud_high__15dogs,fit-max,20,0.1361111111111111,0.030273445153822208,0.07777777777777777,0.2333333333333333
ice_mud_high__15dogs,fit-min,20,0.0,0.0,0.0,0.0
ice_mud_high__15dogs,fit-std,20,0.02886743087446802,0.004084841310867641,0.02218453470882167,0.04289611913724873
ice_mud_high__15dogs,gen,20,100.0,0.0,100.0,100.0
ice_mud_high__15dogs,mrph-avg,20,0.5988012746184609,0.06925903376671899,0.40948366985922263,0.6963521905417625
ice_mud_high__15dogs,mrph-max,20,0.8353543264236657,0.08689988507727492,0.6260645083932417,0.9440619751968199
ice_mud_high__15dogs,mrph-min,20,0.27182350097489144,0.07276567443117946,0.15874733372339542,0.4027029910567586
ice_mud_high__15dogs,mrph-std,20,0.11645120777687518,0.017831591308721792,0.08746048277672747,0.1522260906339528
ice_mud_high__15dogs,pen-avg,20,0.2507835931242928,0.14491564076442912,0.09298671092152844,0.6721770795826036
ice_mud_high__15dogs,pen-max,20,0.5009344121754494,0.07812468266357692,0.28754177123375846,0.7235846062042867
ice_mud_high__15dogs,pen-min,20,0.17302290644553084,0.12882696041311406,0.038183719604581626,0.5256045774403847
ice_mud_high__15dogs,pen-std,20,0.052010733240002466,0.014814210898678662,0.02656499297196867,0.078637048343551
ice_mud_high__15dogs,shp-avg,20,0.36376280595063704,0.03886630416277149,0.27592601308425385,0.41402272715315314
ice_mud_high__15dogs,shp-max,20,0.42939889766148914,0.034654832858389266,0.34315510452867587,0.4805828071697356
ice_mud_high__15dogs,shp-min,20,0.2900607576431337,0.02530156791011189,0.21464938860656377,0.32470520633156996
ice_mud_high__15dogs,shp-std,20,0.024953302530796508,0.002096954175421184,0.021307505623692536,0.02957978061191841
ice_mud_high__20dogs,cap-avg,20,0.08298333333333333,0.009125955048955456,0.06433333333333333,0.10333333333333333
ice_mud_high__20dogs,cap-max,20,0.25333333333333335,0.04268749491621898,0.20000000000000004,0.3333333333333333
ice_mud_high__20dogs,cap-min,20,0.0,0.0,0.0,0.0
ice_mud_high__20dogs,cap-std,20,0.054508514139188925,0.003926363557069717,0.04827122446252126,0.06387139857209607
ice_mud_high__20dogs,dog-avg,20,0.3867325432918198,0.10873427524891448,0.24044460248528093,0.655898945504023
ice_mud_high__20dogs,dog-max,20,0.6980584481813104,0.0831827318829269,0.3997428588259819,0.8078237346539526
ice_mud_high__20dogs,dog-min,20,0.27676819949313003,0.12593358523424614,0.13517800301014124,0.5778118366070478
ice_mud_high__20dogs,dog-std,20,0.07378107029318735,0.02646897901838991,0.023457910043766527,0.13269515798379256
ice_mud_high__20dogs,fit-avg,20,0.05808833333333333,0.006388168534268815,0.04503333333333334,0.07233333333333332
ice_mud_high__20dogs,fit-max,20,0.17733333333333332,0.029881246441353287,0.13999999999999999,0.2333333333333333
ice_mud_high__20dogs,fit-min,20,0.0,0.0,0.0,0.0
ice_mud_high__20dogs,fit-std,20,0.03815595989743224,0.002748454489948801,0.03378985712376488,0.04470997900046724
ice_mud_high__20dogs,gen,20,100.0,0.0,100.0,100.0
ice_mud_high__20dogs,mrph-avg,20,0.5527494780378462,0.06871464267744089,0.4353274316641187,0.704821169963046
ice_mud_high__20dogs,mrph-max,20,0.8040159147322129,0.06564304144487017,0.6694943275463058,0.9203703703703704
ice_mud_high__20dogs,mrph-min,20,0.24621479822395267,0.07555915969235637,0.11203703703703703,0.36931644038281314
ice_mud_high__20dogs,mrph-std,20,0.11799287668627018,0.018264372136600225,0.09244386995687782,0.16021481684958605
ice_mud_high__20dogs,pen-avg,20,0.18778265022406251,0.09761741460876076,0.08365927161021312,0.510658336032761
ice_mud_high__20dogs,pen-max,20,0.47781709932844557,0.10552565417894834,0.14568110367767959,0.6146780873264399
ice_mud_high__20dogs,pen-min,20,0.11588576063552843,0.09512937314320995,0.03663798059610526,0.451582653988579
ice_mud_high__20dogs,pen-std,20,0.06011416827926222,0.025149134464469085,0.01948146081207077,0.11647046721617335
ice_mud_high__20dogs,shp-avg,20,0.41562307485199973,0.021458700576264433,0.3559969741693193,0.44292930358741367
ice_mud_high__20dogs,shp-max,20,0.47913027912683376,0.018748504987157577,0.44074183183009286,0.5091559253955231
ice_mud_high__20dogs,shp-min,20,0.3346269476581872,0.02409321248341727,0.29254703760862427,0.38962091789120423
ice_mud_high__20dogs,shp-std,20,0.02696719651468451,0.0035629938586561154,0.020750148914960503,0.03329430282137513
ice_mud_low__15dogs,cap-avg,20,0.06269999999999999,0.014487163326012716,0.04777777777777778,0.1151111111111111
ice_mud_low__15dogs,cap-max,20,0.19111111111111112,0.03471222078180735,0.15555555555555556,0.3111111111111111
ice_mud_low__15dogs,cap-min,20,0.0011111111111111111,0.004843221048378526,0.0,0.022222222222222223
ice_mud_low__15dogs,cap-std,20,0.0400623563259567,0.0064988280563425095,0.03195289743232979,0.06366424273066582
ice_mud_low__15dogs,dog-avg,20,0.5176918628453465,0.1209365159720965,0.27687267742672267,0.7302242598151057
ice_mud_low__15dogs,dog-max,20,0.7844804920223207,0.05229226976875839,0.6698725453934299,0.8767091585466821
ice_mud_low__15dogs,dog-min,20,0.39502843199294047,0.1230008722327891,0.1769978728647155,0.6115678577430362
ice_mud_low__15dogs,dog-std,20,0.06337436410223671,0.014915210667045318,0.040424507489371916,0.0936825892100829
ice_mud_low__15dogs,fit-avg,20,0.04389,0.010141014328208903,0.03344444444444444,0.08057777777777778
ice_mud_low__15dogs,fit-max,20,0.13377777777777777,0.024298554547265146,0.10888888888888888,0.21777777777777776
ice_mud_low__15dogs,fit-min,20,0.0007777777777777776,0.003390254733864968,0.0,0.015555555555555553
ice_mud_low__15dogs,fit-std,20,0.028043649428169684,0.004549179639439757,0.02236702820263085,0.044564969911466065
ice_mud_low__15dogs,gen,20,100.0,0.0,100.0,100.0
ice_mud_low__15dogs,mrph-avg,20,0.5883600935812313,0.08106582427662239,0.434693549208507,0.7168356298233717
ice_mud_low__15dogs,mrph-max,20,0.8277448088143547,0.07589233204462384,0.6263609475841587,0.9443401609066039
ice_mud_low__15dogs,mrph-min,20,0.280900588909871,0.06902058156391357,0.0466387262815095,0.3739871599417011
ice_mud_low__15dogs,mrph-std,20,0.11243752766380717,0.018506755304921126,0.07653361314535738,0.1405241536743441
ice_mud_low__15dogs,pen-avg,20,0.25411878649514136,0.11003555324314754,0.09302155464924032,0.5129577851877124
ice_mud_low__15dogs,pen-max,20,0.5029313584412191,0.06984288759456986,0.336814911839689,0.6382114626043588
ice_mud_low__15dogs,pen-min,20,0.17239830907212741,0.11102766837080966,0.03928245566056791,0.430253995547423
ice_mud_low__15dogs,pen-std,20,0.050893921296657665,0.014054518807279294,0.03069810327907464,0.08350201552353152
ice_mud_low__15dogs,shp-avg,20,0.36389189223770135,0.03001035746624512,0.30171001707769096,0.4137816629563568
ice_mud_low__15dogs,shp-max,20,0.4327146969350145,0.029370956785134617,0.3667334988528979,0.46735238858037326
ice_mud_low__15dogs,shp-min,20,0.29334599318444504,0.023333889723464413,0.25390244207320456,0.3498692033722022
ice_mud_low__15dogs,shp-std,20,0.024731773575631884,0.0020945358683351722,0.02132937695115607,0.02962352660829399
ice_mud_low__20dogs,cap-avg,20,0.09466666666666665,0.029972950768614316,0.06499999999999999,0.19866666666666666
ice_mud_low__20dogs,cap-max,20,0.27166666666666667,0.0804673846971554,0.19999999999999998,0.5
ice_mud_low__20dogs,cap-min,20,0.0,0.0,0.0,0.0
ice_mud_low__20dogs,cap-std,20,0.05842274115620863,0.011153723056310334,0.046278144589716075,0.09403545430669577
ice_mud_low__20dogs,dog-avg,20,0.4347822263947595,0.11667137051202128,0.23509257709017833,0.6196954033377807
ice_mud_low__20dogs,dog-max,20,0.7088688840662967,0.05092347157421593,0.5684806734514115,0.7898470653160748
ice_mud_low__20dogs,dog-min,20,0.3322196388079273,0.13400528775118406,0.12480624258964997,0.5468356367125858
ice_mud_low__20dogs,dog-std,20,0.061388466931447255,0.020065192482671,0.02993950590257071,0.09408346433055229
ice_mud_low__20dogs,fit-avg,20,0.06626666666666667,0.020981065538030023,0.045500000000000006,0.13906666666666667
ice_mud_low__20dogs,fit-max,20,0.19016666666666665,0.05632716928800877,0.13999999999999999,0.3499999999999999
ice_mud_low__20dogs,fit-min,20,0.0,0.0,0.0,0.0
ice_mud_low__20dogs,fit-std,20,0.04089591880934604,0.007807606139417235,0.03239470121280125,0.06582481801468704
ice_mud_low__20dogs,gen,20,100.0,0.0,100.0,100.0
ice_mud_low__20dogs,mrph-avg,20,0.5971933733796633,0.09455337996617896,0.3702835407534508,0.748739018587559
ice_mud_low__20dogs,mrph-max,20,0.8608331187523639,0.08217232196143517,0.636512895013598,0.9638888888888889
ice_mud_low__20dogs,mrph-min,20,0.25984360911712223,0.096745176352438,0.0861111111111111,0.4728606729609126
ice_mud_low__20dogs,mrph-std,20,0.12338717311467347,0.01737736087094405,0.10163928865034143,0.1604546773769653
ice_mud_low__20dogs,pen-avg,20,0.19730688253242354,0.07214107277036912,0.08207793877844786,0.3137598367446935
ice_mud_low__20dogs,pen-max,20,0.5024103114328579,0.04717034016277083,0.36347548635571064,0.5824751686605456
ice_mud_low__20dogs,pen-min,20,0.12460089865412721,0.06492423660815069,0.034268740686156644,0.2394629892503668
ice_mud_low__20dogs,pen-std,20,0.05686145256294254,0.018246764274141562,0.033590447793386276,0.10658591299626549
ice_mud_low__20dogs,shp-avg,20,0.4067640201063017,0.022433929676166867,0.35814746967051697,0.4422744364008679
ice_mud_low__20dogs,shp-max,20,0.47760222220412935,0.019497702032248113,0.4268677399917387,0.5146429720120294
ice_mud_low__20dogs,shp-min,20,0.3336947733425717,0.016956320603780398,0.30477528857743463,0.36643401391719044
ice_mud_low__20dogs,shp-std,20,0.02632483073150019,0.0020903478123753924,0.021716228298996443,0.029783995152793823
mud__15dogs,cap-avg,20,0.07152222222222221,0.01774681678985951,0.041999999999999996,0.11266666666666665
mud__15dogs,cap-max,20,0.20555555555555557,0.04267303193260338,0.13333333333333333,0.3111111111111111
mud__15dogs,cap-min,20,0.0022222222222222222,0.006666666666666667,0.0,0.022222222222222223
mud__15dogs,cap-std,20,0.04321555898981122,0.0072733679235435994,0.03172334109721689,0.05814031558476697
mud__15dogs,dog-avg,20,0.5682861223806196,0.12705051049238406,0.35240914387639033,0.7575613302530677
mud__15dogs,dog-max,20,0.7684442145489401,0.06593260018117443,0.5772331580820184,0.8670625871914986
mud__15dogs,dog-min,20,0.45834526464042474,0.1285535758218927,0.23382745964417384,0.6684212086458864
mud__15dogs,dog-std,20,0.054517893375481005,0.012891694689401536,0.03955129039482071,0.08351166662470366
mud__15dogs,fit-avg,20,0.05006555555555555,0.012422771752901657,0.029400000000000003,0.07886666666666667
mud__15dogs,fit-max,20,0.14388888888888887,0.02987112235282236,0.09333333333333332,0.21777777777777776
mud__15dogs,fit-min,20,0.0015555555555555553,0.004666666666666666,0.0,0.015555555555555553
mud__15dogs,fit-std,20,0.030250891292867853,0.005091357546480519,0.022206338768051823,0.04069822090933687
mud__15dogs,gen,20,100.0,0.0,100.0,100.0
mud__15dogs,mrph-avg,20,0.5876738292782402,0.08569696682656892,0.39710735369875877,0.7212858770016788
mud__15dogs,mrph-max,20,0.8219113075009825,0.08605106648470925,0.6231936187170912,0.9631955905964459
mud__15dogs,mrph-min,20,0.28594923487559964,0.09484206200551241,0.0861111111111111,0.47250523357639224
mud__15dogs,mrph-std,20,0.10997620361022599,0.018624447668328603,0.0806373923936141,0.15391609379544274
mud__15dogs,pen-avg,20,0.2972501454140021,0.1258275892003992,0.10948407551400426,0.5009288508946642
mud__15dogs,pen-max,20,0.4743222810066386,0.0952792198508258,0.22116284778397308,0.5701725652416739
mud__15dogs,pen-min,20,0.2200614161977134,0.11698248031036064,0.05142057384882476,0.42190482589410566
mud__15dogs,pen-std,20,0.042061755026564444,0.011900924833828352,0.02609853438080372,0.06825808584991336
mud__15dogs,shp-avg,20,0.3467359431257227,0.036499122316401476,0.2769322509367918,0.40181775001291137
mud__15dogs,shp-max,20,0.41794908899133765,0.03618115431259575,0.3564648457883965,0.48172976180729377
mud__15dogs,shp-min,20,0.28006831207139865,0.031496605554416794,0.20157823512275885,0.3338660274341028
mud__15dogs,shp-std,20,0.02492217784698616,0.0024319075286161097,0.02156847348181339,0.03112993808629222
mud__20dogs,cap-avg,20,0.09498333333333332,0.030112100742244994,0.06833333333333332,0.20333333333333337
mud__20dogs,cap-max,20,0.25166666666666665,0.06006940430313367,0.19999999999999998,0.43333333333333335
mud__20dogs,cap-min,20,0.0,0.0,0.0,0.0
mud__20dogs,cap-std,20,0.05748124817869134,0.010959546677452015,0.044924628236883854,0.09000000000000001
mud__20dogs,dog-avg,20,0.45115820438391396,0.11586609171962652,0.2797359514443235,0.6584790143318802
mud__20dogs,dog-max,20,0.6927272161910155,0.04871207038673703,0.5879882019737543,0.7848355781695133
mud__20dogs,dog-min,20,0.35130842058899986,0.13115107321397093,0.15806897291383934,0.6060456847304706
mud__20dogs,dog-std,20,0.057863840408410326,0.023122058159294353,0.021923732540148375,0.10177304058892661
mud__20dogs,fit-avg,20,0.06648833333333333,0.02107847051957149,0.04783333333333334,0.1423333333333333
mud__20dogs,fit-max,20,0.17616666666666667,0.04204858301219356,0.13999999999999999,0.3033333333333333
mud__20dogs,fit-min,20,0.0,0.0,0.0,0.0
mud__20dogs,fit-std,20,0.04023687372508393,0.00767168267421641,0.031447239765818695,0.063
mud__20dogs,gen,20,100.0,0.0,100.0,100.0
mud__20dogs,mrph-avg,20,0.626776838389239,0.05784495924495622,0.5325560257674676,0.7691085416950315
mud__20dogs,mrph-max,20,0.8583320652050295,0.05315392191057518,0.7888888888888889,0.9842592592592592
mud__20dogs,mrph-min,20,0.3024117238875144,0.06885942192664107,0.14639531058011523,0.4153273098042242
mud__20dogs,mrph-std,20,0.11342016731157051,0.01746828648416519,0.08076164091326882,0.14223526926405183
mud__20dogs,pen-avg,20,0.260931444365915,0.13300879235588142,0.1035772599038908,0.548173268492778
mud__20dogs,pen-max,20,0.49158382169589043,0.05952645278062783,0.3622934284852579,0.603782095867416
mud__20dogs,pen-min,20,0.19744905617708944,0.13531348767558474,0.04107695121725031,0.4777720369528154
mud__20dogs,pen-std,20,0.04403144404542767,0.01986159061076822,0.017146146703255757,0.09600526153885897
mud__20dogs,shp-avg,20,0.3899138812281514,0.03647402790876301,0.3274740142551421,0.4346226343530031
mud__20dogs,shp-max,20,0.4685824409090734,0.03612675183304959,0.38783842289257664,0.5286404748818553
mud__20dogs,shp-min,20,0.31920581776043205,0.02802805750649596,0.261117887209976,0.3772186514225238
mud__20dogs,shp-std,20,0.027165970752894966,0.003557948134914268,0.021985068847145864,0.03530523211719874
