gen,fit-avg,fit-std,fit-min,fit-max,pen-avg,pen-std,pen-min,pen-max,dog-avg,dog-std,dog-min,dog-max,shp-avg,shp-std,shp-min,shp-max,mrph-avg,mrph-std,mrph-min,mrph-max,cap-avg,cap-std,cap-min,cap-max
1,0.028466666666666668,0.0239277616541493,0.0,0.11666666666666665,0.46854468276392724,0.13914669184349107,0.09436448171169069,0.7721292399521729,0.6367068722594054,0.10685399541664412,0.28175405792233627,0.8208773116870329,0.3730545580396779,0.035396528897747435,0.310937734596222,0.49181669100280095,0.48036763308694597,0.1597972439967798,0.11697952960334508,0.8597267739339668,0.04066666666666666,0.03418251664878472,0.0,0.16666666666666666
2,0.02963333333333333,0.03075312088950395,0.0,0.13999999999999999,0.4310884395389107,0.1606651589088858,0.09315392172285424,0.8000371400469586,0.6112912696539401,0.1024726575034038,0.27681688575335434,0.8053113193512546,0.3871745460955336,0.035100259672826754,0.3069010533977433,0.46848671679282233,0.4849545051402505,0.15870376815859724,0.08364619627001174,0.8597267739339668,0.04233333333333333,0.0439330298421485,0.0,0.19999999999999998
3,0.03406666666666666,0.03339520923725437,0.0,0.1633333333333333,0.38437632091582086,0.14582830045131528,0.09162066509829048,0.7170330920347743,0.5987823490409003,0.10502336455018174,0.2436771482329316,0.8035181794557543,0.38336027632733005,0.030757674163770968,0.31066382789187147,0.46722869325288724,0.4785885747069037,0.15116292931027003,0.14383138145519692,0.8597267739339668,0.048666666666666664,0.047707441767506256,0.0,0.23333333333333336
4,0.03873333333333333,0.03319899596875383,0.0,0.13999999999999999,0.32235000657311097,0.1278567559552569,0.07990546355697913,0.6568172747716328,0.5504736246020655,0.09325204415162708,0.28198965905309503,0.7535293829341473,0.38831428121251343,0.033651521254032944,0.2875667213249231,0.4795805265570034,0.5129429634472853,0.14771162674187321,0.24938693701075246,0.8597267739339668,0.055333333333333325,0.04742713709821977,0.0,0.19999999999999998
5,0.041533333333333325,0.031750485560591554,0.0,0.13999999999999999,0.29692955663659815,0.11389152028520584,0.09137639718415795,0.6404253626339491,0.5501674718158258,0.09619037254935388,0.327902106778372,0.7615156013663875,0.39377221279795305,0.028282688236523103,0.30354825690428716,0.478004142158142,0.4910764363467198,0.14662377594019319,0.17938354014667848,0.8597267739339668,0.05933333333333333,0.04535783651513081,0.0,0.20000000000000004
6,0.04293333333333333,0.029647109658634697,0.0,0.13999999999999999,0.2796607718599595,0.09324326427811605,0.08000711052697164,0.6537974368730582,0.5287657611684247,0.09625759630106477,0.3023124459690419,0.749590937142994,0.3968021633453339,0.030923107902261895,0.3135819438107473,0.4807626110974968,0.5087459905881291,0.12940699419108073,0.2336362977547168,0.8022772590779832,0.06133333333333332,0.04235301379804958,0.0,0.19999999999999998
7,0.0469,0.03499922221358005,0.0,0.13999999999999999,0.27507718343502796,0.10858704371080069,0.06931407058167866,0.6905976999733293,0.5197695667605011,0.10406873838541543,0.27967032774315603,0.7474182536532427,0.3983010978394455,0.029331809636772566,0.33408341658044954,0.4679638280308738,0.509946617662266,0.14211696051475897,0.19605020681334517,0.8150120044888286,0.067,0.04999888887654293,0.0,0.19999999999999998
8,0.05226666666666666,0.03691094387546568,0.0,0.16333333333333333,0.24770833102863118,0.1055857978102251,0.06519824025799793,0.5733707314253619,0.4944329795148804,0.11765114644702968,0.26121582089360595,0.7679800598475466,0.4068790591333768,0.031644770745682685,0.32787900502861866,0.485797824682111,0.5315466869412475,0.14067197630414707,0.16832344836939228,0.8334196292117069,0.07466666666666665,0.052729919822093844,0.0,0.2333333333333333
9,0.0455,0.0348245602987317,0.0,0.16333333333333333,0.22212966556159291,0.08384105311546736,0.06682669176392374,0.5373832160919866,0.4686487394568291,0.10717330894382238,0.28155881170283614,0.7131482791135877,0.4110050281219592,0.028079537030415255,0.33681421497807973,0.46296879953432435,0.5894432404901417,0.13317659975277815,0.3341178569605228,0.8811408074046243,0.06499999999999999,0.049749371855330994,0.0,0.2333333333333333
10,0.05086666666666667,0.038817579064702686,0.0,0.18666666666666665,0.22368075552818756,0.08985726505004744,0.07510799874190328,0.5373471045691631,0.46818468436709937,0.10634291367926567,0.3035326436891189,0.6962963386691322,0.4093223987969534,0.0250501462287861,0.347773672630034,0.4768654812597926,0.566910262773133,0.14251509198249065,0.29550514766897557,0.8925925925925927,0.07266666666666667,0.05545368437814669,0.0,0.26666666666666666
11,0.04829999999999999,0.03527194352456354,0.0,0.13999999999999999,0.20718281955537102,0.08227861719560162,0.06713352777257288,0.501243672458966,0.44790300143504524,0.10078774587677276,0.26626163475880327,0.734153794810656,0.41314695671498924,0.02867977704443714,0.3371825671603584,0.4824619315522131,0.5460877183804319,0.15114299938783496,0.2722915071351768,0.8925925925925927,0.06899999999999999,0.050388490749376486,0.0,0.20000000000000004
12,0.05063333333333334,0.03600523110142006,0.0,0.13999999999999999,0.19762719352219238,0.09897341593082981,0.058399969495017114,0.5487753880874293,0.43171455037909434,0.11090186696275653,0.2659155389704042,0.7608452548306001,0.41601204254429497,0.02890484441351267,0.3321571226348887,0.47136027709440825,0.5712238867466823,0.15196877630773356,0.19975391051704885,0.9099161957743948,0.07233333333333332,0.051436044430600084,0.0,0.19999999999999998
13,0.05226666666666666,0.03367122081408856,0.0,0.13999999999999999,0.18170559352120702,0.08137902683462284,0.0717849704318463,0.49884603893961216,0.4196369855149106,0.0997643829255764,0.26894464504739274,0.662332305716442,0.4142357228705613,0.028524611521081857,0.3210803380490144,0.4775773161751302,0.5778617409483231,0.13449824268901137,0.2972915071351768,0.8067317370743806,0.07466666666666666,0.04810174402012652,0.0,0.19999999999999998
14,0.05856666666666666,0.03952848480666961,0.0,0.18666666666666665,0.1849808422147174,0.09728077818069245,0.06172314083063288,0.5252187930327904,0.4264763842864284,0.11439733390693506,0.2796406607216057,0.7392481408436361,0.41718641492866093,0.02979416823765343,0.3213275502918005,0.48073214961956784,0.5895601514062366,0.1176207492778255,0.25719058898646363,0.8034347142929131,0.08366666666666665,0.05646926400952802,0.0,0.26666666666666666
15,0.05693333333333332,0.03634611396009207,0.0,0.16333333333333333,0.16585277885722494,0.07686464966554088,0.06351575299041108,0.4667781296908431,0.40309955610392817,0.08992074424908238,0.2864796421811498,0.6613177531921977,0.4224529039003731,0.025462785168102714,0.35887680598329963,0.49413944502120605,0.5712851164859424,0.1186989425634608,0.3155259387649591,0.8535128369613787,0.08133333333333333,0.051923019942988674,0.0,0.2333333333333333
16,0.0602,0.03735957411130081,0.0,0.16333333333333333,0.15528608249673656,0.08221283108814081,0.06815928727364713,0.5107797239805959,0.40432149934483946,0.09091854139405028,0.25902415824314856,0.7359609322231576,0.42134282945082807,0.03125050528083435,0.30070491940792365,0.48721412406011755,0.5333199415273614,0.12540402592446465,0.25002513693548406,0.8730155058400971,0.08599999999999998,0.05337082015900115,0.0,0.2333333333333333
17,0.06346666666666667,0.04226876966377054,0.0,0.2333333333333333,0.14375738704214686,0.05662834179792077,0.0687204850901424,0.36046166039644684,0.4039612295501788,0.08083101420594313,0.2794372457347986,0.6583494646937419,0.4187947325901804,0.027170236806994458,0.3426548640892892,0.4737612512600487,0.5350718595769075,0.1242774713289536,0.2588108986703767,0.8730155058400971,0.09066666666666665,0.060383956662529346,0.0,0.3333333333333333
18,0.0518,0.039540190523904485,0.0,0.18666666666666665,0.14436662533242095,0.0639483477985494,0.07100187619248022,0.509157332725939,0.40111914240848473,0.07160908297444786,0.2742208877152971,0.641213197719062,0.4189695712387663,0.02849985063890713,0.33159287963731243,0.5128521507880477,0.5485842567253616,0.12431204594917139,0.3062906147391565,0.8730155058400971,0.07399999999999998,0.056485986462720704,0.0,0.26666666666666666
19,0.05716666666666667,0.03724207596552886,0.0,0.18666666666666665,0.1500628269188394,0.06796216029137521,0.0691650459104192,0.501564834412611,0.4079897129601326,0.07618285549537833,0.27750624404382224,0.6182309151890725,0.41917470444935845,0.02664117409595339,0.3455195970644547,0.4760365919560998,0.5683538497466059,0.10948430979316558,0.2826414887731083,0.8730155058400971,0.08166666666666667,0.05320296566504122,0.0,0.26666666666666666
20,0.05996666666666667,0.043684462022808776,0.0,0.18666666666666665,0.14491959937812862,0.06452254614980649,0.06236062847691167,0.4501694127578559,0.4009796726059168,0.07946575720402725,0.2783531490457109,0.6057892605085101,0.42035096540501804,0.028494187115652093,0.35740003120372404,0.4817463738613233,0.564305411487843,0.09915746404754396,0.3254328862959006,0.8730155058400971,0.08566666666666664,0.06240637431829824,0.0,0.26666666666666666
21,0.05739999999999999,0.038823188946813726,0.0,0.13999999999999999,0.14241037951453323,0.07359297936777398,0.06527000418028865,0.46930774853484064,0.39170613999450216,0.08248506896256072,0.2689002239867717,0.6733992563281007,0.4190796093671984,0.027620559079406786,0.32393361776825147,0.4727209652779325,0.5529403203799413,0.08566398218775177,0.3446553042663419,0.7413744567828111,0.08199999999999999,0.055461698495448186,0.0,0.20000000000000004
22,0.05506666666666666,0.03607547643483035,0.0,0.13999999999999999,0.147045727096817,0.08517303609860612,0.05294607279184718,0.5281563707545666,0.40028944750601014,0.09793947736455283,0.2596879133767814,0.6785618119838096,0.42064062053744194,0.031431671761547465,0.3265177453211654,0.4903605127024864,0.5598318070964424,0.10908038922952724,0.30906347940939066,0.8185185185185185,0.07866666666666666,0.0515363949069005,0.0,0.20000000000000004
23,0.06626666666666665,0.04064556829744445,0.0,0.18666666666666665,0.12871676224417755,0.07716687461180882,0.05983827254739971,0.5765568546542464,0.3769792221897217,0.0880692056666154,0.27389421229416244,0.7576255267814881,0.4210204273259725,0.028741847702867657,0.314981777128103,0.482965812618029,0.5410460406663767,0.12510895183295243,0.18782993698124675,0.8185185185185185,0.09466666666666666,0.05806509756777781,0.0,0.26666666666666666
24,0.06276666666666665,0.03684820212710519,0.0,0.18666666666666665,0.1155530216870267,0.04126366089837444,0.0623403229488241,0.2684734545521806,0.3614219731913687,0.058610267946801346,0.2688969620507024,0.5127959668163448,0.4282744027289362,0.02561412124160564,0.3611088939300003,0.5323632003092648,0.5544255076161643,0.1181936900032899,0.31658355667948107,0.7739302192699492,0.08966666666666667,0.052640288753007435,0.0,0.26666666666666666
25,0.06533333333333333,0.04054901012629312,0.0,0.1633333333333333,0.11996254911987983,0.04637258504161348,0.05975994753090738,0.32498122688230746,0.3677229169572192,0.06185639638004065,0.2807339615735987,0.5887201021916351,0.42566065570052364,0.02591381695341384,0.3586235871557977,0.5064690123264861,0.5490856432361992,0.1141966577379868,0.21069821178518952,0.8477865769877354,0.09333333333333332,0.05792715732327589,0.0,0.23333333333333336
26,0.06136666666666666,0.043107346628310735,0.0,0.20999999999999996,0.12156845096469925,0.05334948154213031,0.05891316467856523,0.45377872225844756,0.36198926019066663,0.061815273209321925,0.2570168308564069,0.6322659773409303,0.42618360814475653,0.02312758626851403,0.3501280613249233,0.4814283049975863,0.5373583363906316,0.11612851394662577,0.25125755265034694,0.8477865769877354,0.08766666666666664,0.06158192375472963,0.0,0.3
27,0.059733333333333326,0.038385992815667076,0.0,0.16333333333333333,0.11977802074892897,0.05243265065092165,0.06818125392990006,0.4144475752454329,0.36362786363486227,0.05945950366802685,0.27701621089519707,0.5841564124573398,0.4288347315949706,0.02584586745522766,0.377250313376214,0.4929016992253379,0.5431822673401114,0.114603703528962,0.26769958680681166,0.7972222222222222,0.08533333333333332,0.05483713259381011,0.0,0.23333333333333336
28,0.06603333333333333,0.04378405341369541,0.0,0.18666666666666665,0.11946825503719076,0.03965784924551921,0.06516589275297732,0.26110946415598274,0.3704698949957145,0.0576743691506877,0.2718513426624672,0.5237581641123564,0.42365711433387,0.021349501462737248,0.3502074454948752,0.4632731058470257,0.5503013614022244,0.10255335797134135,0.3066895989777843,0.7969165156409631,0.09433333333333332,0.0625486477338506,0.0,0.26666666666666666
29,0.0574,0.035604556512396614,0.0,0.18666666666666665,0.12138256476346038,0.03789585767335207,0.06701442561929531,0.27842926709136945,0.37168287141086637,0.054661593608752036,0.26776588315092814,0.6550488618151051,0.4219443438341128,0.022603087309888296,0.3469033786242554,0.4663290216561711,0.5425264141866936,0.08537868097084837,0.31759751223111626,0.7969165156409631,0.08199999999999999,0.0508636521605666,0.0,0.26666666666666666
30,0.053200000000000004,0.033502636712155455,0.0,0.18666666666666665,0.12262128488928356,0.05143879363673464,0.07935607663670675,0.49981152279574825,0.3706270122358149,0.059723746093019864,0.2793234426051086,0.6925537014213027,0.42344002187144514,0.023722060367176688,0.3263985148541176,0.49400948345238577,0.5452877605187729,0.08463274356613519,0.26517988785284347,0.8089133130328716,0.07599999999999998,0.047860909588793514,0.0,0.26666666666666666
31,0.06626666666666665,0.037583329637841646,0.0,0.13999999999999999,0.11595287125015491,0.038311606881745806,0.07425669715640415,0.3990735088651893,0.365853379022889,0.05669287190654047,0.2940659427718147,0.7146734183979605,0.42457064874469863,0.025806906418504118,0.353547551708145,0.48841108705612474,0.5482697616670107,0.08765041007878653,0.31051435108795894,0.7754134882962237,0.09466666666666666,0.05369047091120236,0.0,0.20000000000000004
32,0.06673333333333333,0.03876705359508824,0.0,0.16333333333333333,0.11636622147651478,0.042285558928917916,0.06382306003150363,0.4634881596653209,0.36922765827447485,0.0524865776850834,0.26107531245580434,0.6988974617090253,0.4247688868294941,0.02482830785455355,0.3473720134295169,0.4803660626265221,0.5494082848547016,0.0871688357024129,0.30420526044533375,0.7605986734814089,0.09533333333333331,0.05538150513584035,0.0,0.2333333333333333
33,0.06509999999999999,0.03353755771933576,0.0,0.16333333333333333,0.11630802136475309,0.06365453454618586,0.0659514134173761,0.5352658764006676,0.3638340237589206,0.06298356028543241,0.28250312409979605,0.7143787410994982,0.4271201133223071,0.026152687776324395,0.319176233868417,0.49740387019335763,0.5622324423132425,0.07846672033233887,0.31776384732161533,0.7291171919999274,0.09299999999999999,0.04791079674190823,0.0,0.2333333333333333
34,0.06556666666666666,0.03743455029188351,0.0,0.18666666666666665,0.11652355649027728,0.060924795395245965,0.06775466908215412,0.48667332139297464,0.3629364697047673,0.06056890442252795,0.28400946030649593,0.6323057363869719,0.4284133253133134,0.025746636419405774,0.35034957364179675,0.4961630042093225,0.5645739506092323,0.09710232940448651,0.31183135957967467,0.8166666666666668,0.09366666666666665,0.053477928988405005,0.0,0.26666666666666666
35,0.06486666666666667,0.045911557489493986,0.0,0.2333333333333333,0.12166736369969085,0.06945609540121066,0.0781130991491192,0.48536204318283244,0.3670910991963057,0.07557930436829094,0.2968333641177104,0.7421487201927234,0.42386011502752047,0.026558281995200928,0.33160399999033496,0.48747144923515195,0.5529785407841178,0.08524201851861334,0.3169326719128571,0.7504134882962238,0.09266666666666666,0.06558793927070568,0.0,0.3333333333333333
36,0.07046666666666666,0.0427681605350938,0.0,0.21,0.10949644103279643,0.02915160115340244,0.0689068846158853,0.32432445031272045,0.3544410923696557,0.04056084423600711,0.2787115698256872,0.5808477727479618,0.4272096546181801,0.023786186279893002,0.35627952133178925,0.4761290593144502,0.5698288598314364,0.09137840080921836,0.2625048337067371,0.8537037037037036,0.10066666666666664,0.061097372192991155,0.0,0.3
37,0.06673333333333333,0.042132014747299544,0.0,0.16333333333333333,0.1095597546144305,0.03021356943156659,0.0694710690121136,0.2523471294298228,0.3616391925149771,0.05015059727961094,0.28067633741189896,0.5679257699435489,0.4294955572837695,0.02669861623387516,0.33582592671107864,0.5047654173474073,0.5602797115914859,0.09288723947996137,0.35666307776581613,0.8537037037037036,0.09533333333333331,0.06018859249614221,0.0,0.2333333333333333
38,0.06393333333333333,0.040632171161941774,0.0,0.20999999999999996,0.10964282428799205,0.02501493036256345,0.07794123127352122,0.2528688704217612,0.358814798360626,0.0455876087654993,0.2850900204305391,0.6054747826574153,0.4271775518854619,0.024132726327843024,0.3529387822625325,0.5075947985097297,0.5698832436983892,0.09174517285783526,0.3462431739447139,0.8537037037037036,0.09133333333333332,0.058045958802773974,0.0,0.3
39,0.06346666666666666,0.04096046874731782,0.0,0.16333333333333333,0.11170559360512175,0.02536629799716724,0.057183533347925725,0.21543166419544205,0.35741491232936967,0.04054084988126979,0.2859491909667431,0.5121006633154409,0.4285896375861125,0.02600369413324992,0.3568352803357195,0.5059396239826645,0.5666431116829265,0.10957951314057437,0.29763571051844595,0.8379629629629629,0.09066666666666666,0.05851495535331118,0.0,0.23333333333333336
40,0.05996666666666664,0.03633637601938616,0.0,0.18666666666666665,0.10655692136283709,0.023457232684196076,0.06782689372731815,0.21195532304302964,0.35308707635024555,0.04012947223626057,0.27752804278332305,0.4999361586696569,0.432077699459802,0.021580976103422026,0.3893537777096925,0.4784864264970676,0.5943961112407955,0.10727145177716807,0.3513394142221496,0.8907407407407408,0.08566666666666664,0.0519091085991231,0.0,0.26666666666666666
41,0.06673333333333331,0.04041721305472596,0.0,0.20999999999999996,0.11185333675314806,0.04516035050680741,0.06850766729742384,0.5106371612017819,0.35546893186972917,0.04472904089335346,0.2607964921157826,0.6086334091642106,0.425927302000851,0.02147117302997775,0.3668849561785579,0.4824561852885902,0.595764023167606,0.09142978249158878,0.3152283031110385,0.825925925925926,0.09533333333333331,0.05773887579246567,0.0,0.3
42,0.07279999999999999,0.04125185517713786,0.0,0.18666666666666665,0.1110387015763036,0.039418242846460894,0.06748616701194583,0.4533470419911316,0.3599737947872631,0.041763301538274136,0.26464170429006034,0.611984014363056,0.42857554567256273,0.022014252650448353,0.3624786008756143,0.4885019862963405,0.5834073065305031,0.10613442157857356,0.26252851819958134,0.7689320068147422,0.10399999999999998,0.05893122168162551,0.0,0.26666666666666666
43,0.06043333333333333,0.03570762445815241,0.0,0.18666666666666665,0.12048741390922331,0.07021639227837932,0.07346135045935731,0.516306815459786,0.36630075139562734,0.07499109215665456,0.27246157796219855,0.7824553219705234,0.42609110282834806,0.027703466309168204,0.31537858308553074,0.48162424599221104,0.5836205017414532,0.09542492469072393,0.26252851819958134,0.83877034886263,0.08633333333333332,0.05101089208307488,0.0,0.26666666666666666
44,0.06649999999999999,0.039923190141960226,0.0,0.18666666666666665,0.12226119426624579,0.07415255502260869,0.05568078067172825,0.5320682136378948,0.368993735802176,0.08215148804687346,0.25776808202532486,0.7500684256584406,0.4214831744816339,0.026584434077437987,0.3307273122982575,0.47471893508330876,0.5847148563294156,0.10290423894291344,0.25473436564684626,0.8907407407407408,0.09499999999999999,0.05703312877422892,0.0,0.26666666666666666
45,0.056466666666666665,0.04057317121229522,0.0,0.18666666666666665,0.10675117316672895,0.03741200798835905,0.061368483525476976,0.4119301315231205,0.35296647206094633,0.056035279119967064,0.27063845918436763,0.7565284144568637,0.4283772427988462,0.02283927058321306,0.3488862190275695,0.48985011471329587,0.5947023251986832,0.10509629438944665,0.25473436564684626,0.8231358491077015,0.08066666666666665,0.05796167316042175,0.0,0.26666666666666666
46,0.06136666666666666,0.03742873227882557,0.0,0.18666666666666665,0.10463814851744394,0.02102596897062897,0.06804429961552139,0.1887927630553011,0.34975182097612334,0.04296997992087297,0.2577128353802499,0.5262071548509738,0.42829387978900285,0.022372704158059833,0.37024856332665496,0.48971031087318134,0.5812854068309911,0.1102014978571702,0.29728824310246266,0.8435185185185184,0.08766666666666666,0.053469617541179404,0.0,0.26666666666666666
47,0.06253333333333333,0.03490342230912162,0.0,0.16333333333333333,0.10790076522520758,0.0511592300603503,0.059673064514476265,0.576629581790876,0.3518884964504232,0.04629409562052541,0.25677965028867966,0.6721494154351525,0.4336032027625914,0.022154452025764767,0.3868604288819047,0.4959392891321046,0.5835497315286725,0.11514590333627003,0.3279872798904733,0.8773165200469251,0.08933333333333332,0.04986203187017374,0.0,0.2333333333333333
48,0.06509999999999999,0.0399122788124156,0.0,0.16333333333333333,0.10423465579074052,0.018233872448102147,0.06256823136153898,0.16584212985568442,0.3491002097895762,0.03676402966486579,0.2778813920230554,0.49840701010248906,0.428724075692682,0.022169372825737364,0.3785623217932393,0.48153403619252494,0.5892577794823778,0.11022326909675355,0.36419969178515216,0.8365757793061842,0.09299999999999997,0.05701754116059373,0.0,0.23333333333333336
49,0.06206666666666667,0.037943759551326596,0.0,0.1633333333333333,0.11056431656455112,0.04877537083553544,0.06163150784650399,0.4277222976798017,0.3534426009968145,0.06389368494334796,0.26905077739611977,0.7207539457993168,0.42554508554386977,0.023333505025323338,0.3236979098172563,0.48586623603305085,0.5861753036238575,0.10448262894391283,0.39372663601482133,0.7906222007144819,0.08866666666666666,0.05420537078760943,0.0,0.23333333333333336
50,0.05926666666666666,0.03371969421240023,0.0,0.16333333333333333,0.10398119555277047,0.026637800148379173,0.0629110994743114,0.21162376129582605,0.34447895871951845,0.0463189353296657,0.25693225440138806,0.5200471339319283,0.43062580555333924,0.022607168934513464,0.36473265308104635,0.486455162982842,0.568342139673048,0.12084441058892856,0.3056484495972804,0.8275665279560805,0.08466666666666667,0.04817099173200034,0.0,0.2333333333333333
51,0.07069999999999999,0.04244550754922258,0.0,0.18666666666666665,0.10808753699853818,0.044138680888467445,0.06763538324003386,0.45570068439634054,0.35025331127642007,0.05535209904635402,0.2700212479372873,0.6815239718396825,0.4312282210615199,0.02256475071944506,0.3551740375896301,0.4896205967628224,0.5429534855843695,0.1199275027191377,0.17904714880652037,0.8275665279560805,0.10099999999999998,0.06063643935603226,0.0,0.26666666666666666
52,0.07046666666666666,0.044392241564389506,0.0,0.18666666666666665,0.10270475508329126,0.022855562701344333,0.060067428378925924,0.18829566187471192,0.3465263156234012,0.04176578137895833,0.263014156807353,0.49077718797323017,0.430162789041321,0.02013421263504279,0.38107465801623763,0.4868451587471176,0.5761338725669449,0.10175864681382125,0.3066895989777843,0.7546039055052715,0.10066666666666667,0.06341748794912787,0.0,0.26666666666666666
53,0.06463333333333333,0.03657532562321823,0.0,0.13999999999999999,0.1074167243142878,0.049662101017231196,0.06391435553849632,0.5157377045218997,0.3467554891637556,0.05559899570220987,0.2567070676201177,0.6402595369596628,0.43214269440581055,0.02688383548294984,0.3219747741361833,0.5035552807140519,0.5814413626151079,0.11265171263709513,0.3066895989777843,0.7803063311624641,0.09233333333333332,0.05225046517602606,0.0,0.20000000000000004
54,0.061133333333333324,0.04065360445957475,0.0,0.18666666666666665,0.10705508601633831,0.041301806318713934,0.06421967665444812,0.40546483769119623,0.35013134367208193,0.061695849297665334,0.28502191144293687,0.6679901299092839,0.4282570095352593,0.02664619553533853,0.33395552942165524,0.4905897321145436,0.5945824665959298,0.13360818149450504,0.18775508647021302,0.8274833144604222,0.0873333333333333,0.05807657779939249,0.0,0.26666666666666666
55,0.05973333333333332,0.03512732396424311,0.0,0.13999999999999999,0.11836020994217454,0.06500444895277159,0.0729057648299686,0.5168266895647339,0.36279475304098774,0.07993241981355681,0.2777405785035189,0.755272708580485,0.4272568717296952,0.026747982218501023,0.3383042873010094,0.48960709181573997,0.6092312566624952,0.13204204649609116,0.24048523832030289,0.8274833144604222,0.0853333333333333,0.05018189137749018,0.0,0.20000000000000004
56,0.06206666666666666,0.035266540642496944,0.0,0.20999999999999996,0.10141044533970685,0.026791294331509004,0.06215439009305775,0.2679951557457756,0.34434392898016275,0.04403447047454977,0.2747068760254874,0.6110672325409369,0.4280944689581203,0.023085216332042947,0.35884349097319684,0.4890971167620409,0.6323746758255941,0.11249549436079341,0.3319474110832416,0.8131152997597723,0.08866666666666666,0.050380772346424206,0.0,0.3
57,0.06556666666666666,0.04143818689727306,0.0,0.16333333333333333,0.10565230168236012,0.04504810192093464,0.06660566505303127,0.5115558675844435,0.34605962807708984,0.04923156825308828,0.2733603684852176,0.7112308235807804,0.426853508488485,0.022519243121347687,0.3499532218241463,0.4908936189900113,0.6105301767835711,0.11445369281016637,0.2908363623814177,0.8131152997597723,0.09366666666666665,0.05919740985324724,0.0,0.2333333333333333
58,0.06463333333333332,0.04052953655463301,0.0,0.16333333333333333,0.10172518786811245,0.02043835033776173,0.06165669389710828,0.16884389233070132,0.3431410314061709,0.03454159030744612,0.27186716368585706,0.4451998200283965,0.4335706311502132,0.023099019344061226,0.3910372764537382,0.49111064506419927,0.6135725430002466,0.11217605290879801,0.3351774670572785,0.8131152997597723,0.09233333333333332,0.05789933793519001,0.0,0.23333333333333336
59,0.059966666666666654,0.036634819502762664,0.0,0.13999999999999999,0.11408518021546604,0.05475736052688698,0.07005600465680911,0.5118389453514016,0.3587901594296335,0.05653468612013664,0.2825078940428478,0.6945110071080247,0.42790758630170056,0.027529339092816157,0.3310856599147481,0.5020007431626768,0.6056963563095717,0.11503081235592912,0.24366974163162977,0.8031117388967927,0.08566666666666664,0.05233545643251809,0.0,0.20000000000000004
60,0.0658,0.039097087132192114,0.0,0.18666666666666665,0.10631088769180255,0.022337474800399208,0.06939333840055449,0.19795914252899102,0.35522205172092336,0.03804228600349761,0.2845613920259069,0.4898842305172792,0.4303381394748302,0.02273278342937526,0.37965219394313793,0.5134856073073907,0.60274070000584,0.11040883298526884,0.30787690204058366,0.783963171486738,0.09399999999999999,0.055852981617417294,0.0,0.26666666666666666
61,0.06416666666666666,0.03867636372658514,0.0,0.18666666666666665,0.11482697029120859,0.04994406089504277,0.07221296811421174,0.4514051618581014,0.3623609448452988,0.061876751360490236,0.27909809282810794,0.6382250295513298,0.4264466722278805,0.025505679389323778,0.34215388325016716,0.48371728276358644,0.5787685700222402,0.12148182887344972,0.2600231221583138,0.8253572952734114,0.09166666666666666,0.05525194818083592,0.0,0.26666666666666666
62,0.05949999999999999,0.038535337318132065,0.0,0.18666666666666665,0.1357930242207173,0.09414236239814061,0.07204400854505806,0.5069375196775502,0.38400433604323636,0.09408160815150925,0.2841346982890754,0.7437310793053955,0.41846762366931495,0.029772746088186943,0.31227257740670805,0.48180651597566687,0.5819709302707993,0.11277947057823644,0.34869167648562893,0.773498868683299,0.08499999999999998,0.055050481883045815,0.0,0.26666666666666666
63,0.057866666666666663,0.03938843597921715,0.0,0.16333333333333333,0.12019410712689096,0.07347826760256641,0.06742888883405655,0.563628785047347,0.36574706717410893,0.0729812579899471,0.27509203026703055,0.6958229543091085,0.4242625195073677,0.028144810717072293,0.33604837765645085,0.4799620194978262,0.5775397165709636,0.12287658341373928,0.3109112390773174,0.7986139663800801,0.08266666666666665,0.05626919425602451,0.0,0.2333333333333333
64,0.0581,0.03373180167800772,0.0,0.13999999999999999,0.1343379236645512,0.09815974569245375,0.06961235398784944,0.5335774767385013,0.3787877965317481,0.1032676219659347,0.2800062075585482,0.7588597349437888,0.4225683514925223,0.03271428255458939,0.3211816411016151,0.4797784429687498,0.5646747716761835,0.12752230617356294,0.1037037037037037,0.7796945387656055,0.08299999999999999,0.0481882881114396,0.0,0.20000000000000004
65,0.06813333333333332,0.0455663618619408,0.0,0.25666666666666665,0.1191703265150532,0.06845939856408771,0.06492470212913104,0.5312062670265483,0.36215748206119186,0.06475847441265103,0.28023917482123206,0.6374216277974494,0.4245320806896465,0.02617391702742327,0.35275839416834426,0.5016358493276808,0.5986164420026444,0.10789092059717031,0.3363199494521653,0.8381407798314248,0.09733333333333333,0.06509480265991544,0.0,0.3666666666666667
66,0.05996666666666666,0.04004301853423806,0.0,0.18666666666666665,0.10451686219334107,0.044890468831185665,0.06109281856752125,0.46685860903435894,0.3452697894004275,0.055834023729078495,0.26145271251430685,0.6383958419746762,0.4328169971518275,0.027288531077113147,0.3052893683421874,0.49649841068272954,0.5970607695117206,0.11926140336476325,0.21801877436227735,0.8021667709285542,0.08566666666666664,0.057204312191768664,0.0,0.26666666666666666
67,0.057633333333333335,0.03340091482446418,0.0,0.13999999999999999,0.1053008678149204,0.030653249265242842,0.06187271210034257,0.28145714861222854,0.35051463360940277,0.04723950536920397,0.28541027561548615,0.5896992334190085,0.428693018166182,0.02387923554108127,0.34573406751410757,0.4799123630076854,0.5926892174195175,0.1222781074418409,0.28593909628598296,0.8288611632420549,0.08233333333333333,0.0477155926063774,0.0,0.20000000000000004
68,0.07046666666666666,0.04327437014112523,0.0,0.18666666666666665,0.11635683920259313,0.06680017409903637,0.06167545304249916,0.5278890821181632,0.3645026409981089,0.08066115729380842,0.2624297951941417,0.7763158709354423,0.4240496233888025,0.02914410076027151,0.32053380008525156,0.4775462986460459,0.5794192857520988,0.11777989828677572,0.20382904289439743,0.8365631323960542,0.10066666666666664,0.061820528773036044,0.0,0.26666666666666666
69,0.06043333333333332,0.040427314748543185,0.0,0.18666666666666665,0.13039678893030288,0.10521938925869943,0.06353612130878378,0.5374462607541434,0.3677304123957469,0.09341161981882042,0.2786116754560266,0.7109196030650452,0.42842073996792784,0.02878062970096107,0.3170807534519698,0.49824005331265014,0.5587130454573588,0.12811038008426542,0.15605459232119104,0.8046945266088424,0.08633333333333332,0.057753306783633135,0.0,0.26666666666666666
70,0.05996666666666667,0.03320473527141038,0.0,0.13999999999999999,0.11557162687332216,0.060364064991390694,0.06062184761164677,0.4925335348312223,0.363717246250337,0.07944349825217555,0.25615586689048114,0.7756560062915009,0.42650104531054367,0.025123689173365726,0.3637513123427421,0.47575201122442895,0.5607126527423102,0.13491655919001075,0.20725494366733618,0.8381407798314248,0.08566666666666664,0.04743533610201483,0.0,0.20000000000000004
71,0.05833333333333333,0.036373066958946425,0.0,0.13999999999999999,0.11779262537819418,0.05291255564087786,0.05985672418856994,0.40749234689925923,0.36545332018186066,0.07112061436196707,0.26554501316110185,0.6419935318954658,0.42717616090656557,0.02687906721677676,0.32020832902891855,0.48055569610689375,0.5467656081336578,0.13865267660403696,0.20725494366733618,0.8796329383247063,0.08333333333333331,0.05196152422706632,0.0,0.20000000000000004
72,0.06813333333333332,0.03549121957141888,0.0,0.16333333333333333,0.1163514735868703,0.04760192018263189,0.06039611373661543,0.29775177668622327,0.3657514077027647,0.07342868081361732,0.26489965470496085,0.6034548807232333,0.42645622808809314,0.0248025758156862,0.36932972462229524,0.49679794452346737,0.5561799265722768,0.14302025013944045,0.20197868077770106,0.8796329383247063,0.09733333333333333,0.05070174224488413,0.0,0.23333333333333336
73,0.058100000000000006,0.03421258702745396,0.0,0.16333333333333333,0.12183553030279358,0.052104005271818035,0.0714872865500342,0.30386800349802345,0.3729795079515366,0.07909960748179425,0.24968418931695333,0.6077745089879305,0.4209671142759175,0.030991793845260525,0.3301294923679738,0.482396441707603,0.5779312427549603,0.14499789935435659,0.22641464642509604,0.8907407407407408,0.08299999999999999,0.04887512432493423,0.0,0.2333333333333333
74,0.05879999999999999,0.03740326783109257,0.0,0.16333333333333333,0.12488541985505142,0.04711522024540944,0.05959164342844803,0.27000663586628226,0.37905680746017284,0.07350247619212073,0.2804224064145394,0.569472075920808,0.42012732409692816,0.028624930586238745,0.36055541859314494,0.49556173762349953,0.5815069346289906,0.1556166079770829,0.2599592895839932,0.8907407407407408,0.084,0.05343323975870368,0.0,0.2333333333333333
75,0.06253333333333333,0.03490342230912162,0.0,0.1633333333333333,0.1182995348084221,0.046576142419552484,0.06622304871379518,0.2916439751653945,0.37257373360313134,0.07372870741655577,0.2806079528052281,0.6037536084548604,0.4233944526556227,0.02699074737352171,0.33910507581400046,0.5085820952168084,0.5781150497682322,0.14635771653384816,0.24226518932340124,0.8309038845232756,0.08933333333333333,0.04986203187017375,0.0,0.23333333333333336
76,0.05553333333333334,0.041971471792688474,0.0,0.16333333333333333,0.1155961413421433,0.04108013530471021,0.06498979595550698,0.27379095809062687,0.36767640827376896,0.07004235173315289,0.2672787775552739,0.5960562296609403,0.4269202163379394,0.025055162213305438,0.37290281433196476,0.5189198729430379,0.5659206753169304,0.14274956989551785,0.1923806728145497,0.8541039024239113,0.07933333333333334,0.05995924541812639,0.0,0.2333333333333333
77,0.059033333333333333,0.0372537693842292,0.0,0.18666666666666665,0.11664386392646783,0.06111409405254028,0.06073337699864406,0.4760567154339112,0.3598497478393221,0.07356018685237646,0.2544001425555618,0.6538526323860627,0.42437693706722507,0.02846787982993949,0.2984486422949151,0.4829346730291806,0.5868333144678516,0.12689971458093874,0.2934688751474132,0.812037037037037,0.08433333333333332,0.05321967054889887,0.0,0.26666666666666666
78,0.05996666666666666,0.036485902909358166,0.0,0.1633333333333333,0.10753767356934323,0.041646073567046644,0.06234373979666493,0.3694273100759875,0.3495471596408894,0.0653523565665648,0.26371448471104225,0.6958738719297676,0.4289769903723265,0.02402708331937352,0.3344593727617295,0.5051145936683131,0.5956138994264729,0.11731286117561789,0.2681150248364057,0.8532688269327778,0.08566666666666664,0.05212271844194025,0.0,0.23333333333333336
79,0.05903333333333333,0.040475767784907773,0.0,0.21,0.10722111939259327,0.04420868756409221,0.05751967036521997,0.3932869218869011,0.34518863606099776,0.058492727208840224,0.2614880190251583,0.6626066193010413,0.4333732044754938,0.024812686849129986,0.344061719848103,0.5120751098424732,0.5781918438290031,0.11835343364377054,0.15956665380475185,0.8153594969490254,0.08433333333333333,0.057822525407011105,0.0,0.3
80,0.0658,0.038252436378469916,0.0,0.16333333333333333,0.1013824449442633,0.018819551968707816,0.05476202574373598,0.1670706102583638,0.3448987811813463,0.0337351792673289,0.2713440811740686,0.452922257004394,0.42614563988404164,0.0210485739522691,0.3781433018854435,0.4809146007035581,0.5890883779448111,0.10520119353199321,0.2946655510714901,0.8096070097362874,0.09399999999999999,0.054646337683528445,0.0,0.2333333333333333
81,0.06789999999999999,0.03616215025563485,0.0,0.18666666666666665,0.11830238523982951,0.0665471514092247,0.06673517115349065,0.508795590168745,0.36533138627488076,0.07604301690872771,0.27190016240108966,0.7645564959060057,0.4245460919588748,0.024575442467764344,0.34096331876589914,0.4909862066852173,0.5737331328870731,0.13203573196380947,0.08428002420658737,0.8581277315982113,0.09699999999999999,0.051660214650906915,0.0,0.26666666666666666
82,0.0644,0.03792940811560338,0.0,0.18666666666666665,0.12061433956193918,0.051535169683573016,0.07261396064361875,0.47391862818758174,0.36878271718633365,0.06719676647122388,0.2663375141951959,0.7020466924283113,0.42661626693856536,0.026313985769639857,0.33781558746798196,0.482290248828199,0.5612823078539019,0.14404474978816978,0.15094669087325405,0.8581277315982113,0.092,0.05418486873657626,0.0,0.26666666666666666
83,0.06346666666666667,0.03675722151269506,0.0,0.18666666666666665,0.11612923947580106,0.05683635400979353,0.06491369885488439,0.5308325948884575,0.36506825944373256,0.06813429542193673,0.2674376801195002,0.7250632138938041,0.42582385187276095,0.021819448269008734,0.3686694049023134,0.4774563611075471,0.5690491018980035,0.1375588110440632,0.13511345005486433,0.8907407407407408,0.09066666666666665,0.05251031644670724,0.0,0.26666666666666666
84,0.06463333333333333,0.04172101788467454,0.0,0.21,0.12230810142763278,0.07062465514367292,0.06026795845752525,0.5135635066142713,0.3712140721385346,0.07571674316861982,0.26739188888736015,0.7450638014001055,0.41938986359535924,0.02631829918200519,0.3460422887152008,0.49781812958059496,0.579969098938046,0.12862519096786462,0.2546577783894239,0.8907407407407408,0.09233333333333331,0.05960145412096363,0.0,0.3
85,0.06416666666666666,0.04113223931554311,0.0,0.18666666666666665,0.12118246558113599,0.05017742322863138,0.0650506422036015,0.472456279579248,0.37541822682861403,0.0645901426190875,0.28364193199937,0.6533970626668434,0.42127783410054653,0.027889834504801453,0.32311749541365525,0.5018198582376513,0.5767492719383533,0.10531136098717656,0.34770602513781274,0.7884149842479059,0.09166666666666666,0.058760341879347304,0.0,0.26666666666666666
86,0.0644,0.0408326666612244,0.0,0.18666666666666665,0.14537601700417463,0.1013061381636746,0.06309211622003766,0.5484675460753665,0.3990952471872915,0.10642397845731776,0.25593436484514176,0.7771572365791809,0.4185974980762887,0.027556311145886497,0.3375614354800314,0.48643083673116944,0.5531847116818301,0.13710742945301618,0.14342511166988217,0.8365631323960541,0.092,0.058332380944606285,0.0,0.26666666666666666
87,0.059500000000000004,0.044806683529233546,0.0,0.18666666666666665,0.15838282573818507,0.11947163833803302,0.0635239092111652,0.5388223068244345,0.40483175270685173,0.11738015216660752,0.28217760464482655,0.776836527466105,0.41525848783822206,0.03354334726395236,0.3293965906595689,0.47690846328319864,0.5666827729506437,0.1398181301425415,0.235684300093935,0.8087853546182764,0.08499999999999998,0.06400954789890506,0.0,0.26666666666666666
88,0.0644,0.038499292922799966,0.0,0.18666666666666665,0.123548657487804,0.057914501335784616,0.0664896510063535,0.41086468907122636,0.3749571086107737,0.07629033943336738,0.2745575995682135,0.6756516369188228,0.422822927459117,0.03057302555886257,0.3085853115799906,0.47198391834978953,0.6028388723153778,0.13614802552333938,0.25440556416577914,0.8405351390056186,0.09199999999999997,0.05499898988971424,0.0,0.26666666666666666
89,0.0644,0.03691094387546568,0.0,0.16333333333333333,0.11749005279254847,0.049633615684410444,0.06767761586853842,0.42949651169690056,0.3682476042132607,0.06388711983704483,0.2771725324627083,0.6097706551154412,0.4249293279924553,0.02678742625079662,0.34698124243846334,0.4752543280915278,0.6236659482559519,0.1308976401765134,0.2622027477772471,0.8405351390056186,0.09199999999999997,0.05272991982209384,0.0,0.2333333333333333
90,0.06183333333333334,0.0393739197382678,0.0,0.18666666666666665,0.11957146237202526,0.050820850581344446,0.07258517914027283,0.4209161229037471,0.3685669237687557,0.06873094180959757,0.24653377953726083,0.6499783059257909,0.4263362881404965,0.024801664342551346,0.3371358736989789,0.49632357641329955,0.6239784348675347,0.11304319167530205,0.3206444330419325,0.8581277315982113,0.08833333333333332,0.056248456768954014,0.0,0.26666666666666666
91,0.05996666666666667,0.037660751747969956,0.0,0.13999999999999999,0.11068089733289878,0.050157343493377846,0.06950292171174925,0.3921044671379536,0.359620520675009,0.06344420877262605,0.27283539285593533,0.6775562417537536,0.4230921615637416,0.024726735804740507,0.3151711492577063,0.4760459014660712,0.6458784975612382,0.11843645135146995,0.22697267413924002,0.8470166204871,0.08566666666666664,0.053801073925671364,0.0,0.20000000000000004
92,0.06276666666666665,0.041569366391878304,0.0,0.1633333333333333,0.10707066938802731,0.04596062932287905,0.06751919453673785,0.5067071508160077,0.3498653866132066,0.05017431613589031,0.27382388242812633,0.6988737820681495,0.4292221261064193,0.02412233205519903,0.32529269474650774,0.49699019870832295,0.6592665337248187,0.09392022959948879,0.3622567583053364,0.8220166204871001,0.08966666666666663,0.05938480913125473,0.0,0.23333333333333336
93,0.05856666666666668,0.036966215807289655,0.0,0.18666666666666665,0.1047103226621536,0.02522320278793284,0.07379708297689656,0.28691069694254634,0.34858480679007825,0.03977185731278722,0.2734176041891584,0.5900989814116175,0.42719689819216944,0.022197039860529077,0.37868255164453407,0.49693121851321914,0.6492648286020126,0.09420621182799403,0.35853426000822025,0.8408124722927233,0.08366666666666665,0.05280887972469949,0.0,0.26666666666666666
94,0.05436666666666667,0.0371952655290667,0.0,0.13999999999999999,0.10436926157399971,0.02126624350493838,0.06538036715598393,0.21568720148644363,0.3527069463761884,0.038020034210564206,0.2784903740702896,0.5463521930972154,0.4311188520342656,0.025070836498877275,0.37298512646832727,0.4908123956582835,0.6305005046851706,0.11513549168263504,0.35853426000822025,0.8164881918822684,0.07766666666666666,0.05313609361295244,0.0,0.20000000000000004
95,0.05996666666666667,0.03385424641016249,0.0,0.13999999999999999,0.11963083948437633,0.07250969129190414,0.06267138700421794,0.46653114519387895,0.36315042133139486,0.08209562975785838,0.2833952786347728,0.6924201302151934,0.4239956097295564,0.032399437020170556,0.3306016615780914,0.5005980968932078,0.63842680492315,0.11509972655637843,0.29675320415229545,0.8572296698954925,0.08566666666666667,0.04836320915737499,0.0,0.20000000000000004
96,0.06323333333333331,0.04479696170252819,0.0,0.25666666666666665,0.12093908100252271,0.07425234749766488,0.06909009296099752,0.534299292305996,0.36515848248340954,0.08399182956984026,0.2680707872028965,0.7242551138510104,0.4270415867164505,0.026430258023005637,0.338948493395193,0.5081457026612218,0.6628302549233013,0.11599140616388022,0.3729021848838851,0.8907407407407408,0.09033333333333332,0.06399565957504028,0.0,0.36666666666666664
97,0.05716666666666667,0.036354351718726724,0.0,0.18666666666666665,0.10922026836866307,0.05425587549159055,0.05860839881163702,0.5190005004659365,0.3542260652173252,0.06039805802252159,0.26213838092074,0.7360684606404577,0.42646255809615374,0.0246335033711514,0.3557071223773014,0.486156402012845,0.6619263308302795,0.12258306116790856,0.3561547588910188,0.8907407407407408,0.08166666666666667,0.0519347881696096,0.0,0.26666666666666666
98,0.0735,0.043699415200765424,0.0,0.20999999999999996,0.11029923802607283,0.0469214390514453,0.0561595548653199,0.4417521547402534,0.35825710249080683,0.05495636256770668,0.24760473644000944,0.6677502221392447,0.4305893081771244,0.022029599128653023,0.35100731829330584,0.46859786723293045,0.7019880699616785,0.10032636046838932,0.4302161336106301,0.8907407407407408,0.10499999999999998,0.06242773600109347,0.0,0.3
99,0.06673333333333334,0.04174254424445161,0.0,0.16333333333333333,0.10376742803974992,0.023399144851777506,0.07179353132079437,0.26243362805678355,0.3504352870140085,0.03809090475193239,0.2701567864765652,0.5439793723408995,0.4299398481645981,0.020920734619709457,0.3671767293986454,0.48902104258963486,0.6941032010473179,0.09626516053037815,0.45977288582590337,0.8464738412072258,0.09533333333333331,0.059632206063502294,0.0,0.23333333333333336
100,0.06463333333333332,0.04375917681533275,0.0,0.20999999999999996,0.09971083855900666,0.020050695967591882,0.06052288677265804,0.16939329293138336,0.34356879407467467,0.03737213798024829,0.2624632932404754,0.47289440191623094,0.43107688923535115,0.024767311631849396,0.36998087983063277,0.5166952006860472,0.7098810520391282,0.10470174682859841,0.45680326836663215,0.8907407407407408,0.09233333333333332,0.06251310973618965,0.0,0.3
