group,metric,count,mean,std,min,max
field__15dogs,dog-avg,20,0.6532194498538618,0.06555740411229066,0.4389819746998666,0.7143880202677942
field__15dogs,dog-max,20,0.7662262449139198,0.026770448086809027,0.7098771144719659,0.8234760384278719
field__15dogs,dog-min,20,0.4178139741401369,0.11658783419775885,0.19046641083167204,0.5627345120676949
field__15dogs,dog-std,20,0.05365421624829065,0.017965882892727547,0.033436714827926435,0.09471741701352397
field__15dogs,fit-avg,20,0.4501,0.12174363826003445,0.14644444444444443,0.6124444444444445
field__15dogs,fit-max,20,0.7211111111111111,0.1350765672215047,0.35555555555555557,0.8666666666666667
field__15dogs,fit-min,20,0.007777777777777778,0.010599324460188285,0.0,0.022222222222222223
field__15dogs,fit-std,20,0.14714045211605467,0.029290219881602974,0.07838461678255594,0.18678567634829202
field__15dogs,gen,20,100.0,0.0,100.0,100.0
field__15dogs,pen-avg,20,0.3167793160645658,0.06849775746712525,0.18346484502967544,0.46970147738408385
field__15dogs,pen-max,20,0.6750698275051924,0.09656846532088895,0.48978752340074205,0.8722861924793183
field__15dogs,pen-min,20,0.12973440909611678,0.08448861221774859,0.04048903894578554,0.36745542852473734
field__15dogs,pen-std,20,0.07450907421457478,0.015638858463524533,0.04467774669055012,0.10591200442382101
field__15dogs,shp-avg,20,0.27930733925909257,0.024555855973600965,0.23322228827664554,0.33814905227632897
field__15dogs,shp-max,20,0.3874230486542026,0.028607173703228204,0.3315956610183632,0.42753676026315784
field__15dogs,shp-min,20,0.21107408878710704,0.02970669486309858,0.14874128819612722,0.2661161065877285
field__15dogs,shp-std,20,0.0323989161945347,0.004613318047609949,0.020765540949258064,0.04046126617536065
field__20dogs,cap-avg,10,0.07813333333333333,0.03262403870207623,0.046888888888888876,0.15488888888888888
field__20dogs,cap-max,10,0.23555555555555557,0.07710822921287765,0.17777777777777778,0.37777777777777777
field__20dogs,cap-min,10,0.0022222222222222222,0.006666666666666667,0.0,0.022222222222222223
field__20dogs,cap-std,10,0.048069379205935535,0.014629294727957806,0.033243582876536275,0.07940861662982002
field__20dogs,dog-avg,20,0.5885376306639661,0.10411648665914809,0.29276019735607417,0.7245741745887895
field__20dogs,dog-max,20,0.7615595446669321,0.04213231147269066,0.6647590502195339,0.822774263462906
field__20dogs,dog-min,20,0.40700177724660414,0.12602262989543625,0.14905118225316535,0.6209777408547287
field__20dogs,dog-std,20,0.05707343887818175,0.01615927214830967,0.03393220980930651,0.10104058340309459
field__20dogs,fit-avg,20,0.3317966666666667,0.3087886303538433,0.032822222222222225,0.8253333333333334
field__20dogs,fit-max,20,0.5207777777777778,0.37757594281494233,0.12444444444444443,1.0
field__20dogs,fit-min,20,0.0041111111111111105,0.010310608225284706,0.0,0.03333333333333333
field__20dogs,fit-std,20,0.10904419776461882,0.08008962970149476,0.023270508013575393,0.23520109599139957
field__20dogs,gen,20,100.0,0.0,100.0,100.0
field__20dogs,mrph-avg,10,0.5786441807702418,0.0753802867024651,0.4840811137909835,0.6818244440786881
field__20dogs,mrph-max,10,0.8151128881653,0.06655540491726027,0.7179486756640729,0.9296527413539106
field__20dogs,mrph-min,10,0.2535994423967767,0.10494783354742167,0.03333333333333333,0.37881527474532833
field__20dogs,mrph-std,10,0.10769214119317547,0.019398995734323733,0.07701371024941425,0.14758681466772106
field__20dogs,pen-avg,20,0.3072162252423365,0.11043653481445827,0.09365280955220578,0.5002836847027299
field__20dogs,pen-max,20,0.605665029133025,0.11558331633652831,0.39078370675065416,0.853312464703829
field__20dogs,pen-min,20,0.15296564974983423,0.0794367736512077,0.04334440433804917,0.29352305847434207
field__20dogs,pen-std,20,0.06611236681754883,0.01841556668025088,0.023300894840074443,0.09859901723933119
field__20dogs,shp-avg,20,0.3610826345557679,0.028464452029556844,0.31279939954911307,0.42932761311340456
field__20dogs,shp-max,20,0.4468800271086267,0.035521381671585174,0.39172603881922763,0.5393671315606318
field__20dogs,shp-min,20,0.2830918457093677,0.024166043959628573,0.2271491623859561,0.3205556828117364
field__20dogs,shp-std,20,0.031735149306330104,0.008787105203785056,0.021777974201837896,0.05236996960870081
ice__15dogs,dog-avg,20,0.6676811220829421,0.06647746625062512,0.47175088002871024,0.7698391473163685
ice__15dogs,dog-max,20,0.7923451775978785,0.03953667798721626,0.669561084627173,0.859442681926291
ice__15dogs,dog-min,20,0.408967464815838,0.11336610507556183,0.25206495061032325,0.6450148926690403
ice__15dogs,dog-std,20,0.056045107076904854,0.017761847772624108,0.03486274962014183,0.11036158038130564
ice__15dogs,fit-avg,20,0.4514444444444444,0.13395769555173329,0.13244444444444445,0.5906666666666667
ice__15dogs,fit-max,20,0.7166666666666667,0.17197114314347647,0.3111111111111111,0.9333333333333332
ice__15dogs,fit-min,20,0.0033333333333333335,0.007934920476158722,0.0,0.022222222222222223
ice__15dogs,fit-std,20,0.14622702555280334,0.03946297167956651,0.05794164795638138,0.19802419106491403
ice__15dogs,gen,20,100.0,0.0,100.0,100.0
ice__15dogs,pen-avg,20,0.37679140521322163,0.11819298432133205,0.1760707547324739,0.6163762216588973
ice__15dogs,pen-max,20,0.7184355180114682,0.08930996394934329,0.4074593262353452,0.8693417480234588
ice__15dogs,pen-min,20,0.14359133743568983,0.10366600010797401,0.04052820202858635,0.3394976990953102
ice__15dogs,pen-std,20,0.07468019695485364,0.015802955046061655,0.054267905634100055,0.11338763718839516
ice__15dogs,shp-avg,20,0.27938033302428444,0.023324132406321738,0.24700999164944357,0.35206414953930865
ice__15dogs,shp-max,20,0.3898129371201709,0.03358841467589706,0.3357287851105523,0.4488949207546264
ice__15dogs,shp-min,20,0.21212084535865863,0.020234800674851106,0.17129406830133065,0.24713297166007084
ice__15dogs,shp-std,20,0.032530105263791825,0.005455151992065887,0.023696730254710374,0.0444461070622517
ice__20dogs,dog-avg,20,0.6243248394234522,0.052708901720347284,0.44045931954233686,0.6930548064272337
ice__20dogs,dog-max,20,0.7281467053248168,0.027153064650583272,0.6777835877472461,0.7758661510823797
ice__20dogs,dog-min,20,0.3697778901702626,0.10166519768795988,0.17975885211159096,0.5605569670720154
ice__20dogs,dog-std,20,0.05426859308039119,0.017025696271655327,0.038588114754494744,0.11579885950044229
ice__20dogs,fit-avg,20,0.5805666666666667,0.15376331378669836,0.171,0.7676666666666666
ice__20dogs,fit-max,20,0.8683333333333333,0.1536500352532772,0.3666666666666667,1.0
ice__20dogs,fit-min,20,0.011666666666666665,0.03693086634360056,0.0,0.16666666666666666
ice__20dogs,fit-std,20,0.1839988688206644,0.03886221594648834,0.08644780056324293,0.2328327964680043
ice__20dogs,gen,20,100.0,0.0,100.0,100.0
ice__20dogs,pen-avg,20,0.37206482215932973,0.10641696534687915,0.22427314532747,0.6460782601675216
ice__20dogs,pen-max,20,0.7374501225558026,0.11747330901627834,0.5484132879777603,0.9598819779064596
ice__20dogs,pen-min,20,0.14792616516372203,0.09257691620257127,0.031883519216699824,0.3690931766805247
ice__20dogs,pen-std,20,0.08706022736008669,0.02406117457557187,0.053532867607969395,0.17525217590270328
ice__20dogs,shp-avg,20,0.36189956526509637,0.02016044131928935,0.3250733318855591,0.4023233731674532
ice__20dogs,shp-max,20,0.47070493134797997,0.03848390912559324,0.41891478077927763,0.599124551384358
ice__20dogs,shp-min,20,0.2631557640761911,0.02955505282463837,0.18569075738496413,0.2981590549476038
ice__20dogs,shp-std,20,0.038671311811908936,0.006465752405743166,0.031196430179880625,0.059228800306640114
ice_mud_high__15dogs,dog-avg,20,0.6578313200329596,0.07551336148864457,0.3659001214211451,0.7409112961968087
ice_mud_high__15dogs,dog-max,20,0.7785345464907492,0.03551733122055728,0.6816485577313868,0.8464170763535335
ice_mud_high__15dogs,dog-min,20,0.45034441527874236,0.11036109924860069,0.19837888955892713,0.6112984169633441
ice_mud_high__15dogs,dog-std,20,0.049727207667289934,0.013502001422686396,0.029117758062362904,0.08583614910628186
ice_mud_high__15dogs,fit-avg,20,0.4348666666666667,0.11486326600155165,0.11466666666666667,0.636888888888889
ice_mud_high__15dogs,fit-max,20,0.7055555555555556,0.1256833174939948,0.2888888888888889,0.8666666666666667
ice_mud_high__15dogs,fit-min,20,0.01,0.01644294287438749,0.0,0.06666666666666667
ice_mud_high__15dogs,fit-std,20,0.1454107354357904,0.02620987459327905,0.05706569746494381,0.18086813967810164
ice_mud_high__15dogs,gen,20,100.0,0.0,100.0,100.0
ice_mud_high__15dogs,pen-avg,20,0.3347267945226564,0.10005113060111709,0.10541211144118762,0.5496341025419443
ice_mud_high__15dogs,pen-max,20,0.6459284165957822,0.10647839561068782,0.33281610560746483,0.8124577095162602
ice_mud_high__15dogs,pen-min,20,0.17128690716878947,0.09129292443762042,0.04082953406931434,0.35484119478360276
ice_mud_high__15dogs,pen-std,20,0.07098634540769687,0.018206496907467923,0.044763046168566155,0.10385002166361372
ice_mud_high__15dogs,shp-avg,20,0.28235898247880525,0.03162629652048628,0.2348187131824321,0.3945965448934878
ice_mud_high__15dogs,shp-max,20,0.39177927776639515,0.04280229939813108,0.2908223129707979,0.46733616717752574
ice_mud_high__15dogs,shp-min,20,0.2184175639764769,0.03285116139701548,0.1411725069498817,0.3176212098840931
ice_mud_high__15dogs,shp-std,20,0.030002288020408656,0.003519261369342936,0.02399722187749733,0.03683195873736018
ice_mud_high__20dogs,dog-avg,20,0.6344305008301767,0.0345670555233616,0.5732368383712305,0.6837140890201318
ice_mud_high__20dogs,dog-max,20,0.7279827994959032,0.030407151951345766,0.6657685944958299,0.7849029671086242
ice_mud_high__20dogs,dog-min,20,0.3766221974950057,0.13890760405902072,0.1849540144359458,0.6168886706339335
ice_mud_high__20dogs,dog-std,20,0.05037286547609279,0.015088774383311144,0.024956613681477037,0.06946145525571258
ice_mud_high__20dogs,fit-avg,20,0.59605,0.11122620969098167,0.20566666666666666,0.7090000000000001
ice_mud_high__20dogs,fit-max,20,0.86,0.12631530214330944,0.3666666666666667,0.9666666666666667
ice_mud_high__20dogs,fit-min,20,0.01,0.021343747458109495,0.0,0.06666666666666667
ice_mud_high__20dogs,fit-std,20,0.17564078386105333,0.031208947082656983,0.08654542801968866,0.22955875549022786
ice_mud_high__20dogs,gen,20,100.0,0.0,100.0,100.0
ice_mud_high__20dogs,pen-avg,20,0.3762989275283522,0.08211138110618324,0.2905184343744494,0.6053122461268494
ice_mud_high__20dogs,pen-max,20,0.7064314371211224,0.07658767579768068,0.5405290420830254,0.8015946441692884
ice_mud_high__20dogs,pen-min,20,0.16420000343870622,0.10530348422481807,0.04641927180181655,0.4144340249976797
ice_mud_high__20dogs,pen-std,20,0.07325371175342148,0.014093772128206927,0.046981708612081924,0.10650517088972
ice_mud_high__20dogs,shp-avg,20,0.35095608632914405,0.012728014139196987,0.3357804253523577,0.3853821356037713
ice_mud_high__20dogs,shp-max,20,0.4567047580719075,0.02744768119313716,0.40632495469334895,0.5123501342462772
ice_mud_high__20dogs,shp-min,20,0.26476863044783183,0.020786251109391144,0.21973576808685324,0.29135101228632115
ice_mud_high__20dogs,shp-std,20,0.03648148707115832,0.006055937568438876,0.02627357863525882,0.05197382127538742
ice_mud_low__15dogs,dog-avg,20,0.674708585033134,0.040582549934278796,0.5881140273061406,0.7368837685393266
ice_mud_low__15dogs,dog-max,20,0.7699638819568267,0.0297135607854057,0.7205697155437326,0.8254092227448306
ice_mud_low__15dogs,dog-min,20,0.4402541771439067,0.12534259473296824,0.17694328297151266,0.6380463755288118
ice_mud_low__15dogs,dog-std,20,0.04961033530490739,0.012666241780552439,0.026090140087314053,0.0821010758319772
ice_mud_low__15dogs,fit-avg,20,0.4983333333333333,0.06645352966500927,0.37288888888888894,0.636
ice_mud_low__15dogs,fit-max,20,0.7522222222222222,0.07210246481292278,0.6222222222222222,0.8666666666666667
ice_mud_low__15dogs,fit-min,20,0.0077777777777777776,0.023596400646217004,0.0,0.08888888888888889
ice_mud_low__15dogs,fit-std,20,0.14900024702038223,0.01569234987677749,0.12522690516729132,0.18152984994141622
ice_mud_low__15dogs,gen,20,100.0,0.0,100.0,100.0
ice_mud_low__15dogs,pen-avg,20,0.3716434448095954,0.09799802769319027,0.2692515191336713,0.6157216413893866
ice_mud_low__15dogs,pen-max,20,0.6828701460676534,0.09626676212373521,0.48023724147477553,0.9074332819119016
ice_mud_low__15dogs,pen-min,20,0.16172142793422783,0.10048780903390762,0.03360871558101347,0.43951901828012346
ice_mud_low__15dogs,pen-std,20,0.06701337421028367,0.01302409173912184,0.04454067400923521,0.09189180438918026
ice_mud_low__15dogs,shp-avg,20,0.2745422260707874,0.014770040972849889,0.2462925569225126,0.31801215283280504
ice_mud_low__15dogs,shp-max,20,0.386272672129251,0.026833757409715425,0.3559779343149975,0.4453178382573555
ice_mud_low__15dogs,shp-min,20,0.2133237572167425,0.02307054817175253,0.15081094162322345,0.24895220518696773
ice_mud_low__15dogs,shp-std,20,0.030406608253094096,0.004482235718353545,0.02437280770209943,0.04025043747867051
ice_mud_low__20dogs,dog-avg,20,0.6149717950126411,0.07293561641259044,0.4060340198043063,0.6824917396471827
ice_mud_low__20dogs,dog-max,20,0.7243518319331196,0.02645073588942436,0.6690957278354598,0.7706701085503157
ice_mud_low__20dogs,dog-min,20,0.4270310497330536,0.0906249254501386,0.19550549035138284,0.552916608476957
ice_mud_low__20dogs,dog-std,20,0.0484735814437361,0.017507858114809174,0.03134656544619151,0.0969898347865883
ice_mud_low__20dogs,fit-avg,20,0.57765,0.15579339862637168,0.17733333333333332,0.8266666666666667
ice_mud_low__20dogs,fit-max,20,0.84,0.1477986618493024,0.4000000000000001,1.0
ice_mud_low__20dogs,fit-min,20,0.008333333333333333,0.020749832663314555,0.0,0.06666666666666667
ice_mud_low__20dogs,fit-std,20,0.16670062234497707,0.030355619264123813,0.08716268314670755,0.23019412097908437
ice_mud_low__20dogs,gen,20,100.0,0.0,100.0,100.0
ice_mud_low__20dogs,pen-avg,20,0.3883912588414258,0.13785902732163846,0.16913306745137502,0.7158510355445317
ice_mud_low__20dogs,pen-max,20,0.7337503239407371,0.09305591332082,0.5636120780833949,0.871743728372882
ice_mud_low__20dogs,pen-min,20,0.18310588865334082,0.11233845892152197,0.05958817386130747,0.5222674400166418
ice_mud_low__20dogs,pen-std,20,0.07963612465482532,0.024193295369485508,0.04291874215083098,0.12425577923536826
ice_mud_low__20dogs,shp-avg,20,0.3633713676271299,0.02637402161697914,0.32833627487480316,0.4230410741511389
ice_mud_low__20dogs,shp-max,20,0.4718696984480707,0.038719057797629595,0.4061880100843518,0.5485737871452665
ice_mud_low__20dogs,shp-min,20,0.2730275233198497,0.02139105546792001,0.226750430531369,0.30872758536185035
ice_mud_low__20dogs,shp-std,20,0.037036685634496865,0.00699638884411536,0.025628189153244267,0.050260157371220804
mud__15dogs,cap-avg,15,0.06462222222222222,0.013767786102216238,0.05133333333333333,0.10555555555555554
mud__15dogs,cap-max,15,0.19111111111111112,0.03700739554606458,0.13333333333333333,0.26666666666666666
mud__15dogs,cap-min,15,0.0,0.0,0.0,0.0
mud__15dogs,cap-std,15,0.04127887216970008,0.0057321902078202105,0.033797508856989324,0.05607534613753574
mud__15dogs,dog-avg,20,0.5444872884685735,0.11046058385749839,0.31236121845283693,0.7414044420357234
mud__15dogs,dog-max,20,0.7745211753195829,0.046729077901397124,0.7063027682721051,0.880220741881152
mud__15dogs,dog-min,20,0.39928423500072496,0.110726651137775,0.19194993215220613,0.6340034754726619
mud__15dogs,dog-std,20,0.062168002012012134,0.022137019633006783,0.03829216760552968,0.13514887082255975
mud__15dogs,fit-avg,20,0.15348222222222221,0.18854300070819227,0.03593333333333334,0.5297777777777778
mud__15dogs,fit-max,20,0.2781111111111111,0.25129224047601784,0.09333333333333332,0.7555555555555555
mud__15dogs,fit-min,20,0.0,0.0,0.0,0.0
mud__15dogs,fit-std,20,0.05961947780756766,0.05351058959950152,0.023658256199892525,0.16359706598836055
mud__15dogs,gen,20,100.0,0.0,100.0,100.0
mud__15dogs,mrph-avg,15,0.645563465445257,0.07688398608679875,0.4592759430345872,0.7451451378974905
mud__15dogs,mrph-max,15,0.8640665064739317,0.05633096785763094,0.7476398882791028,0.9798233754996467
mud__15dogs,mrph-min,15,0.34700397754498924,0.06963047625724918,0.21203703703703702,0.48950542505048517
mud__15dogs,mrph-std,15,0.1140440784075411,0.014625472784637179,0.08878887529174455,0.13842846810513265
mud__15dogs,pen-avg,20,0.2553329174787458,0.09389874451352423,0.09331200755811024,0.49999103094761915
mud__15dogs,pen-max,20,0.5416433021437443,0.11456998153908295,0.31530025184954397,0.8177012191952168
mud__15dogs,pen-min,20,0.1453598159153106,0.07140113056349459,0.04417855323475775,0.3319329797258635
mud__15dogs,pen-std,20,0.059251662195024035,0.01792018710168043,0.02969875789272941,0.0918863959931409
mud__15dogs,shp-avg,20,0.3453765261300003,0.04339159153460984,0.26206775955846634,0.4068511890166581
mud__15dogs,shp-max,20,0.43037622952562343,0.02809930680319217,0.37787434739835196,0.4822540310183439
mud__15dogs,shp-min,20,0.276877648168988,0.04012736196460823,0.186634380109477,0.3198723855321736
mud__15dogs,shp-std,20,0.026567449107361685,0.004399088286319248,0.021233138775002897,0.034790726924508096
mud__20dogs,cap-avg,15,0.09199999999999998,0.021717717634670067,0.06699999999999999,0.15333333333333332
mud__20dogs,cap-max,15,0.2777777777777778,0.08043093809268381,0.19999999999999998,0.5333333333333333
mud__20dogs,cap-min,15,0.0022222222222222222,0.00831479419283098,0.0,0.03333333333333333
mud__20dogs,cap-std,15,0.05763971191458122,0.009096432920962233,0.04509249752822894,0.08
mud__20dogs,dog-avg,20,0.49323184074003734,0.11841007913486326,0.2713018132674495,0.6755092765271449
mud__20dogs,dog-max,20,0.6718315929869141,0.0774773263345374,0.5012904631834054,0.7883010040538966
mud__20dogs,dog-min,20,0.35044828032781655,0.12083194491351863,0.14404658244096746,0.5635862649391324
mud__20dogs,dog-std,20,0.05425666530813427,0.01597214986021914,0.03458258247785493,0.09134294592396427
mud__20dogs,fit-avg,20,0.196,0.23145359338080904,0.046900000000000004,0.6903333333333334
mud__20dogs,fit-max,20,0.37416666666666665,0.316596264103739,0.13999999999999999,1.0
mud__20dogs,fit-min,20,0.0011666666666666665,0.005085382100797451,0.0,0.02333333333333333
mud__20dogs,fit-std,20,0.07848156124297428,0.0688169132180838,0.03156474826976025,0.25648283459998733
mud__20dogs,gen,20,100.0,0.0,100.0,100.0
mud__20dogs,mrph-avg,15,0.614921163485937,0.07952453370776148,0.4300601401946577,0.7305370944774436
mud__20dogs,mrph-max,15,0.8731767157191636,0.06970176667380035,0.7650610089126605,0.9822038408055893
mud__20dogs,mrph-min,15,0.3133256528094484,0.09405357493150542,0.08218393778531828,0.4439721142452573
mud__20dogs,mrph-std,15,0.11496660661143947,0.015477474727921993,0.09141263561431291,0.1415649671455415
mud__20dogs,pen-avg,20,0.29794030256348464,0.15359471122876392,0.10812146175635438,0.7202765824866649
mud__20dogs,pen-max,20,0.4756870432900694,0.16914868732109783,0.24537054860786386,0.8736574695304302
mud__20dogs,pen-min,20,0.19781824886800378,0.1557932201151203,0.03872247618861157,0.6476266768323069
mud__20dogs,pen-std,20,0.04529947050635465,0.024270599361969483,0.012057855101034262,0.10240725858132815
mud__20dogs,shp-avg,20,0.3839484163487202,0.030519957717111416,0.3391754097020668,0.4393580144765154
mud__20dogs,shp-max,20,0.4612057973927084,0.03275300906404735,0.40206450459618015,0.5333544517981915
mud__20dogs,shp-min,20,0.31541964235092457,0.035109137327086724,0.2416972940896102,0.367338185405992
mud__20dogs,shp-std,20,0.027944702850084983,0.006049403750089111,0.021666966462435475,0.04429672628520972
